account_id,customer_id,account_type,currency,opening_date,status
ACC000001,CUS000001,CREDIT,PEN,2023-07-23,ACTIVE
ACC000002,CUS000001,CHECKING,PEN,2023-07-21,ACTIVE
ACC000003,CUS000002,SAVINGS,PEN,2020-12-19,ACTIVE
ACC000004,CUS000002,CREDIT,PEN,2024-12-31,ACTIVE
ACC000005,CUS000003,SAVINGS,USD,2025-02-23,ACTIVE
ACC000006,CUS000003,CHECKING,PEN,2020-02-15,ACTIVE
ACC000007,CUS000004,CHECKING,PEN,2024-07-12,ACTIVE
ACC000008,CUS000004,CREDIT,USD,2020-07-19,ACTIVE
ACC000009,CUS000005,CHECKING,USD,2021-11-09,CLOSED
ACC000010,CUS000005,CHECKING,PEN,2019-01-18,DORMANT
ACC000011,CUS000006,SAVINGS,USD,2021-10-03,ACTIVE
ACC000012,CUS000007,CREDIT,PEN,2025-09-22,ACTIVE
ACC000013,CUS000007,SAVINGS,USD,2019-01-18,DORMANT
ACC000014,CUS000008,SAVINGS,PEN,2019-02-09,ACTIVE
ACC000015,CUS000009,CREDIT,USD,2023-04-15,ACTIVE
ACC000016,CUS000010,CREDIT,USD,2021-02-02,ACTIVE
ACC000017,CUS000011,CREDIT,PEN,2023-03-15,ACTIVE
ACC000018,CUS000012,CREDIT,USD,2018-12-09,ACTIVE
ACC000019,CUS000012,CREDIT,USD,2019-01-22,ACTIVE
ACC000020,CUS000013,CHECKING,PEN,2019-02-05,ACTIVE
ACC000021,CUS000014,CREDIT,PEN,2019-09-11,ACTIVE
ACC000022,CUS000015,CREDIT,USD,2026-05-17,ACTIVE
ACC000023,CUS000015,CREDIT,PEN,2018-11-01,ACTIVE
ACC000024,CUS000016,SAVINGS,PEN,2019-07-20,ACTIVE
ACC000025,CUS000017,CREDIT,USD,2022-04-26,ACTIVE
ACC000026,CUS000018,CREDIT,USD,2019-02-15,ACTIVE
ACC000027,CUS000018,CREDIT,USD,2020-12-24,ACTIVE
ACC000028,CUS000019,SAVINGS,USD,2025-09-29,ACTIVE
ACC000029,CUS000020,CHECKING,USD,2021-07-16,ACTIVE
ACC000030,CUS000020,SAVINGS,PEN,2024-08-04,ACTIVE
ACC000031,CUS000021,CHECKING,USD,2022-05-02,ACTIVE
ACC000032,CUS000021,CREDIT,PEN,2022-01-23,ACTIVE
ACC000033,CUS000022,CHECKING,PEN,2022-08-22,ACTIVE
ACC000034,CUS000022,CHECKING,USD,2022-12-07,ACTIVE
ACC000035,CUS000023,SAVINGS,PEN,2020-10-19,ACTIVE
ACC000036,CUS000023,CREDIT,PEN,2019-01-23,ACTIVE
ACC000037,CUS000024,CHECKING,PEN,2020-10-16,ACTIVE
ACC000038,CUS000024,SAVINGS,PEN,2021-08-13,ACTIVE
ACC000039,CUS000025,CREDIT,USD,2026-03-03,ACTIVE
ACC000040,CUS000026,CHECKING,USD,2018-12-17,ACTIVE
ACC000041,CUS000027,CHECKING,PEN,2023-05-08,CLOSED
ACC000042,CUS000027,CHECKING,PEN,2025-08-14,ACTIVE
ACC000043,CUS000028,CHECKING,PEN,2020-05-27,ACTIVE
ACC000044,CUS000029,SAVINGS,USD,2019-04-28,DORMANT
ACC000045,CUS000030,CREDIT,PEN,2021-10-05,ACTIVE
ACC000046,CUS000031,SAVINGS,USD,2020-11-02,ACTIVE
ACC000047,CUS000032,SAVINGS,USD,2025-04-30,CLOSED
ACC000048,CUS000032,CREDIT,USD,2025-06-22,ACTIVE
ACC000049,CUS000033,CREDIT,USD,2023-09-26,ACTIVE
ACC000050,CUS000034,CHECKING,PEN,2019-10-14,ACTIVE
ACC000051,CUS000035,SAVINGS,USD,2020-11-01,ACTIVE
ACC000052,CUS000035,CREDIT,USD,2023-01-20,ACTIVE
ACC000053,CUS000036,SAVINGS,USD,2026-02-16,ACTIVE
ACC000054,CUS000036,SAVINGS,USD,2025-04-30,ACTIVE
ACC000055,CUS000037,CHECKING,PEN,2025-01-01,ACTIVE
ACC000056,CUS000037,CREDIT,PEN,2018-12-26,ACTIVE
ACC000057,CUS000038,CREDIT,PEN,2024-10-22,ACTIVE
ACC000058,CUS000039,SAVINGS,PEN,2020-12-27,ACTIVE
ACC000059,CUS000039,CHECKING,PEN,2022-03-20,ACTIVE
ACC000060,CUS000040,CHECKING,USD,2021-03-07,ACTIVE
ACC000061,CUS000040,CREDIT,PEN,2024-06-23,ACTIVE
ACC000062,CUS000041,SAVINGS,USD,2022-10-16,ACTIVE
ACC000063,CUS000041,CHECKING,PEN,2021-11-10,ACTIVE
ACC000064,CUS000042,CHECKING,PEN,2022-09-05,ACTIVE
ACC000065,CUS000042,SAVINGS,USD,2026-05-22,ACTIVE
ACC000066,CUS000043,CREDIT,USD,2023-02-15,ACTIVE
ACC000067,CUS000044,CHECKING,PEN,2019-10-01,CLOSED
ACC000068,CUS000045,CHECKING,USD,2026-01-15,ACTIVE
ACC000069,CUS000046,CREDIT,USD,2023-01-11,ACTIVE
ACC000070,CUS000046,CHECKING,USD,2024-01-24,ACTIVE
ACC000071,CUS000047,SAVINGS,USD,2021-02-23,ACTIVE
ACC000072,CUS000048,CHECKING,PEN,2025-07-18,ACTIVE
ACC000073,CUS000049,SAVINGS,USD,2022-05-14,DORMANT
ACC000074,CUS000049,CREDIT,PEN,2019-11-15,ACTIVE
ACC000075,CUS000050,CHECKING,PEN,2023-04-19,DORMANT
ACC000076,CUS000051,CREDIT,USD,2022-05-01,ACTIVE
ACC000077,CUS000051,CREDIT,USD,2022-05-22,ACTIVE
ACC000078,CUS000052,CHECKING,USD,2019-03-28,ACTIVE
ACC000079,CUS000052,CHECKING,USD,2021-10-27,ACTIVE
ACC000080,CUS000053,CHECKING,USD,2024-12-26,ACTIVE
ACC000081,CUS000053,SAVINGS,USD,2021-10-16,ACTIVE
ACC000082,CUS000054,CREDIT,PEN,2022-12-03,ACTIVE
ACC000083,CUS000054,CHECKING,PEN,2021-06-13,ACTIVE
ACC000084,CUS000055,SAVINGS,USD,2018-12-31,CLOSED
ACC000085,CUS000056,CHECKING,PEN,2024-09-16,ACTIVE
ACC000086,CUS000056,CHECKING,USD,2020-06-02,ACTIVE
ACC000087,CUS000057,CREDIT,USD,2024-10-16,ACTIVE
ACC000088,CUS000057,SAVINGS,USD,2022-09-14,ACTIVE
ACC000089,CUS000058,CREDIT,PEN,2024-04-27,ACTIVE
ACC000090,CUS000058,SAVINGS,PEN,2021-11-01,CLOSED
ACC000091,CUS000059,SAVINGS,PEN,2020-04-02,ACTIVE
ACC000092,CUS000060,CHECKING,PEN,2022-02-19,ACTIVE
ACC000093,CUS000060,CHECKING,USD,2025-09-30,ACTIVE
ACC000094,CUS000061,CREDIT,PEN,2020-08-16,ACTIVE
ACC000095,CUS000061,CREDIT,USD,2025-01-12,ACTIVE
ACC000096,CUS000062,SAVINGS,PEN,2025-06-08,ACTIVE
ACC000097,CUS000062,CHECKING,USD,2023-04-12,ACTIVE
ACC000098,CUS000063,SAVINGS,USD,2025-12-16,ACTIVE
ACC000099,CUS000064,SAVINGS,PEN,2019-03-23,ACTIVE
ACC000100,CUS000064,SAVINGS,PEN,2021-01-19,ACTIVE
ACC000101,CUS000065,SAVINGS,PEN,2023-12-29,ACTIVE
ACC000102,CUS000066,CHECKING,PEN,2021-06-03,ACTIVE
ACC000103,CUS000066,CREDIT,PEN,2020-12-15,ACTIVE
ACC000104,CUS000067,CHECKING,PEN,2023-06-13,ACTIVE
ACC000105,CUS000067,CHECKING,USD,2019-04-30,ACTIVE
ACC000106,CUS000068,CREDIT,PEN,2025-04-26,CLOSED
ACC000107,CUS000069,CREDIT,USD,2021-04-26,ACTIVE
ACC000108,CUS000069,CREDIT,PEN,2026-02-21,ACTIVE
ACC000109,CUS000070,CHECKING,PEN,2021-04-17,ACTIVE
ACC000110,CUS000070,CREDIT,PEN,2022-11-20,ACTIVE
ACC000111,CUS000071,SAVINGS,PEN,2018-09-04,ACTIVE
ACC000112,CUS000072,CREDIT,USD,2021-03-03,ACTIVE
ACC000113,CUS000073,SAVINGS,USD,2024-02-09,ACTIVE
ACC000114,CUS000074,CHECKING,PEN,2019-10-21,ACTIVE
ACC000115,CUS000075,SAVINGS,PEN,2020-09-23,ACTIVE
ACC000116,CUS000076,SAVINGS,PEN,2025-09-27,ACTIVE
ACC000117,CUS000077,SAVINGS,PEN,2019-10-02,ACTIVE
ACC000118,CUS000078,CHECKING,USD,2025-06-06,ACTIVE
ACC000119,CUS000079,CREDIT,PEN,2021-02-26,ACTIVE
ACC000120,CUS000080,CHECKING,PEN,2025-06-09,DORMANT
ACC000121,CUS000081,CHECKING,PEN,2025-08-22,ACTIVE
ACC000122,CUS000081,CREDIT,USD,2020-03-18,ACTIVE
ACC000123,CUS000082,SAVINGS,USD,2019-08-14,ACTIVE
ACC000124,CUS000083,CHECKING,PEN,2022-11-18,ACTIVE
ACC000125,CUS000083,SAVINGS,PEN,2019-06-17,DORMANT
ACC000126,CUS000084,CREDIT,PEN,2024-11-15,ACTIVE
ACC000127,CUS000085,CREDIT,PEN,2023-09-08,ACTIVE
ACC000128,CUS000085,SAVINGS,PEN,2020-10-14,ACTIVE
ACC000129,CUS000086,SAVINGS,USD,2026-04-01,ACTIVE
ACC000130,CUS000086,SAVINGS,USD,2021-04-13,ACTIVE
ACC000131,CUS000087,SAVINGS,PEN,2023-06-26,ACTIVE
ACC000132,CUS000088,SAVINGS,USD,2021-08-27,ACTIVE
ACC000133,CUS000089,SAVINGS,PEN,2023-11-17,ACTIVE
ACC000134,CUS000090,CHECKING,USD,2018-10-14,ACTIVE
ACC000135,CUS000091,SAVINGS,USD,2023-03-08,ACTIVE
ACC000136,CUS000092,SAVINGS,PEN,2023-09-25,ACTIVE
ACC000137,CUS000092,CHECKING,USD,2019-07-25,ACTIVE
ACC000138,CUS000093,CREDIT,PEN,2020-12-28,ACTIVE
ACC000139,CUS000093,CREDIT,PEN,2024-01-25,ACTIVE
ACC000140,CUS000094,SAVINGS,USD,2020-01-28,ACTIVE
ACC000141,CUS000095,SAVINGS,USD,2024-12-11,ACTIVE
ACC000142,CUS000096,CREDIT,PEN,2022-06-22,ACTIVE
ACC000143,CUS000096,CREDIT,PEN,2021-05-01,ACTIVE
ACC000144,CUS000097,SAVINGS,USD,2025-12-10,ACTIVE
ACC000145,CUS000097,CREDIT,USD,2020-10-19,ACTIVE
ACC000146,CUS000098,SAVINGS,USD,2022-07-18,ACTIVE
ACC000147,CUS000098,CREDIT,PEN,2019-10-14,ACTIVE
ACC000148,CUS000099,CHECKING,USD,2023-07-24,ACTIVE
ACC000149,CUS000100,SAVINGS,USD,2019-07-26,ACTIVE
ACC000150,CUS000101,CREDIT,PEN,2024-09-29,ACTIVE
ACC000151,CUS000101,SAVINGS,PEN,2019-08-23,ACTIVE
ACC000152,CUS000102,CREDIT,PEN,2026-07-09,ACTIVE
ACC000153,CUS000103,CHECKING,PEN,2021-07-16,ACTIVE
ACC000154,CUS000103,SAVINGS,PEN,2023-10-02,ACTIVE
ACC000155,CUS000104,SAVINGS,PEN,2019-07-29,ACTIVE
ACC000156,CUS000104,CHECKING,USD,2020-01-15,ACTIVE
ACC000157,CUS000105,CHECKING,USD,2024-06-04,CLOSED
ACC000158,CUS000106,SAVINGS,PEN,2021-05-02,ACTIVE
ACC000159,CUS000107,CHECKING,USD,2021-02-07,ACTIVE
ACC000160,CUS000108,CHECKING,USD,2020-06-19,ACTIVE
ACC000161,CUS000108,SAVINGS,USD,2019-09-19,ACTIVE
ACC000162,CUS000109,SAVINGS,PEN,2023-09-05,ACTIVE
ACC000163,CUS000109,CREDIT,USD,2025-12-12,ACTIVE
ACC000164,CUS000110,SAVINGS,USD,2024-02-17,ACTIVE
ACC000165,CUS000111,CREDIT,PEN,2024-02-08,ACTIVE
ACC000166,CUS000111,CHECKING,USD,2020-06-06,ACTIVE
ACC000167,CUS000112,SAVINGS,PEN,2023-03-18,CLOSED
ACC000168,CUS000112,SAVINGS,USD,2022-07-09,ACTIVE
ACC000169,CUS000113,CHECKING,PEN,2024-06-08,ACTIVE
ACC000170,CUS000114,CREDIT,USD,2024-06-28,ACTIVE
ACC000171,CUS000115,SAVINGS,USD,2018-10-03,ACTIVE
ACC000172,CUS000116,CREDIT,PEN,2023-03-03,ACTIVE
ACC000173,CUS000117,CHECKING,USD,2022-12-19,ACTIVE
ACC000174,CUS000118,SAVINGS,PEN,2023-02-06,ACTIVE
ACC000175,CUS000119,CREDIT,PEN,2020-03-26,ACTIVE
ACC000176,CUS000120,CREDIT,PEN,2024-11-30,ACTIVE
ACC000177,CUS000121,CREDIT,USD,2019-10-03,ACTIVE
ACC000178,CUS000122,SAVINGS,USD,2026-05-12,ACTIVE
ACC000179,CUS000123,SAVINGS,USD,2022-10-15,ACTIVE
ACC000180,CUS000123,CREDIT,PEN,2025-05-23,ACTIVE
ACC000181,CUS000124,CREDIT,USD,2022-01-22,ACTIVE
ACC000182,CUS000125,CREDIT,PEN,2025-05-29,ACTIVE
ACC000183,CUS000125,CREDIT,USD,2025-11-30,ACTIVE
ACC000184,CUS000126,SAVINGS,USD,2024-06-01,DORMANT
ACC000185,CUS000126,SAVINGS,PEN,2025-02-04,ACTIVE
ACC000186,CUS000127,SAVINGS,USD,2018-11-26,ACTIVE
ACC000187,CUS000128,SAVINGS,USD,2023-11-17,ACTIVE
ACC000188,CUS000128,CHECKING,USD,2019-04-26,ACTIVE
ACC000189,CUS000129,SAVINGS,USD,2022-04-05,ACTIVE
ACC000190,CUS000130,CHECKING,PEN,2020-12-24,ACTIVE
ACC000191,CUS000131,CREDIT,USD,2021-06-10,ACTIVE
ACC000192,CUS000132,CHECKING,USD,2024-07-03,ACTIVE
ACC000193,CUS000132,CHECKING,USD,2024-01-03,ACTIVE
ACC000194,CUS000133,CHECKING,USD,2020-07-07,ACTIVE
ACC000195,CUS000134,CREDIT,USD,2021-10-02,ACTIVE
ACC000196,CUS000135,CHECKING,PEN,2025-03-30,ACTIVE
ACC000197,CUS000135,SAVINGS,USD,2026-05-05,ACTIVE
ACC000198,CUS000136,CREDIT,USD,2021-09-08,DORMANT
ACC000199,CUS000136,SAVINGS,USD,2025-07-02,ACTIVE
ACC000200,CUS000137,CREDIT,PEN,2023-10-27,ACTIVE
ACC000201,CUS000137,CHECKING,PEN,2023-09-28,ACTIVE
ACC000202,CUS000138,SAVINGS,USD,2020-04-26,ACTIVE
ACC000203,CUS000138,CHECKING,PEN,2024-05-28,ACTIVE
ACC000204,CUS000139,CREDIT,PEN,2021-01-08,ACTIVE
ACC000205,CUS000139,SAVINGS,PEN,2022-06-08,DORMANT
ACC000206,CUS000140,CHECKING,USD,2021-03-20,ACTIVE
ACC000207,CUS000141,CREDIT,USD,2022-07-04,ACTIVE
ACC000208,CUS000142,CREDIT,USD,2021-11-03,CLOSED
ACC000209,CUS000142,SAVINGS,PEN,2020-12-14,ACTIVE
ACC000210,CUS000143,SAVINGS,PEN,2023-04-16,ACTIVE
ACC000211,CUS000143,CREDIT,USD,2022-02-23,DORMANT
ACC000212,CUS000144,CREDIT,USD,2019-10-02,ACTIVE
ACC000213,CUS000144,CREDIT,PEN,2022-07-22,ACTIVE
ACC000214,CUS000145,SAVINGS,USD,2022-02-20,ACTIVE
ACC000215,CUS000145,SAVINGS,PEN,2022-05-05,ACTIVE
ACC000216,CUS000146,CHECKING,USD,2023-04-13,ACTIVE
ACC000217,CUS000147,SAVINGS,PEN,2025-01-02,ACTIVE
ACC000218,CUS000148,SAVINGS,PEN,2019-04-06,ACTIVE
ACC000219,CUS000148,SAVINGS,PEN,2018-09-07,ACTIVE
ACC000220,CUS000149,CHECKING,USD,2019-10-30,ACTIVE
ACC000221,CUS000150,CHECKING,PEN,2025-04-04,ACTIVE
ACC000222,CUS000151,CREDIT,USD,2025-01-11,ACTIVE
ACC000223,CUS000151,SAVINGS,USD,2024-02-13,ACTIVE
ACC000224,CUS000152,CREDIT,PEN,2026-03-15,ACTIVE
ACC000225,CUS000153,CREDIT,PEN,2020-01-06,ACTIVE
ACC000226,CUS000154,SAVINGS,PEN,2019-05-30,ACTIVE
ACC000227,CUS000155,SAVINGS,USD,2026-01-22,ACTIVE
ACC000228,CUS000155,CREDIT,USD,2025-05-14,CLOSED
ACC000229,CUS000156,SAVINGS,USD,2022-04-19,ACTIVE
ACC000230,CUS000157,CHECKING,USD,2022-05-19,ACTIVE
ACC000231,CUS000158,SAVINGS,USD,2021-05-19,ACTIVE
ACC000232,CUS000159,CREDIT,USD,2023-04-10,ACTIVE
ACC000233,CUS000159,CHECKING,USD,2018-10-22,ACTIVE
ACC000234,CUS000160,SAVINGS,USD,2025-01-30,CLOSED
ACC000235,CUS000160,CHECKING,PEN,2021-08-02,ACTIVE
ACC000236,CUS000161,SAVINGS,USD,2019-02-02,ACTIVE
ACC000237,CUS000162,SAVINGS,PEN,2024-08-09,ACTIVE
ACC000238,CUS000163,CHECKING,USD,2025-05-02,ACTIVE
ACC000239,CUS000164,CHECKING,USD,2021-12-25,ACTIVE
ACC000240,CUS000165,CREDIT,PEN,2025-11-18,ACTIVE
ACC000241,CUS000165,SAVINGS,USD,2026-07-10,ACTIVE
ACC000242,CUS000166,CHECKING,PEN,2023-07-03,ACTIVE
ACC000243,CUS000166,CREDIT,PEN,2025-08-05,ACTIVE
ACC000244,CUS000167,CREDIT,USD,2021-06-04,ACTIVE
ACC000245,CUS000167,CHECKING,USD,2023-09-01,ACTIVE
ACC000246,CUS000168,CREDIT,USD,2023-08-17,ACTIVE
ACC000247,CUS000168,SAVINGS,PEN,2021-01-16,ACTIVE
ACC000248,CUS000169,CHECKING,USD,2021-10-06,ACTIVE
ACC000249,CUS000170,CHECKING,PEN,2021-12-14,ACTIVE
ACC000250,CUS000170,CHECKING,USD,2023-08-07,ACTIVE
ACC000251,CUS000171,CREDIT,USD,2022-10-28,ACTIVE
ACC000252,CUS000171,SAVINGS,USD,2020-03-29,ACTIVE
ACC000253,CUS000172,SAVINGS,PEN,2024-06-28,ACTIVE
ACC000254,CUS000172,CREDIT,USD,2021-04-29,ACTIVE
ACC000255,CUS000173,CREDIT,PEN,2022-01-20,ACTIVE
ACC000256,CUS000173,CHECKING,USD,2024-12-16,ACTIVE
ACC000257,CUS000174,SAVINGS,PEN,2026-01-24,DORMANT
ACC000258,CUS000174,SAVINGS,USD,2023-12-11,ACTIVE
ACC000259,CUS000175,SAVINGS,PEN,2023-04-26,ACTIVE
ACC000260,CUS000175,CREDIT,USD,2020-02-29,ACTIVE
ACC000261,CUS000176,SAVINGS,PEN,2021-03-28,CLOSED
ACC000262,CUS000177,SAVINGS,USD,2024-07-16,ACTIVE
ACC000263,CUS000178,CREDIT,USD,2021-03-03,ACTIVE
ACC000264,CUS000179,CREDIT,PEN,2020-08-27,ACTIVE
ACC000265,CUS000179,CHECKING,PEN,2019-12-30,ACTIVE
ACC000266,CUS000180,CREDIT,PEN,2025-08-22,ACTIVE
ACC000267,CUS000181,CREDIT,PEN,2019-07-26,ACTIVE
ACC000268,CUS000182,SAVINGS,USD,2020-12-30,ACTIVE
ACC000269,CUS000183,SAVINGS,USD,2025-11-13,DORMANT
ACC000270,CUS000183,CHECKING,PEN,2023-02-02,ACTIVE
ACC000271,CUS000184,CREDIT,USD,2026-07-15,ACTIVE
ACC000272,CUS000184,CREDIT,PEN,2024-12-29,ACTIVE
ACC000273,CUS000185,CREDIT,PEN,2023-10-24,ACTIVE
ACC000274,CUS000185,SAVINGS,USD,2025-05-02,ACTIVE
ACC000275,CUS000186,SAVINGS,USD,2022-05-21,ACTIVE
ACC000276,CUS000187,SAVINGS,USD,2018-10-08,ACTIVE
ACC000277,CUS000187,CREDIT,USD,2025-09-06,ACTIVE
ACC000278,CUS000188,CREDIT,PEN,2019-06-25,ACTIVE
ACC000279,CUS000188,CHECKING,USD,2024-02-19,ACTIVE
ACC000280,CUS000189,CREDIT,USD,2019-06-22,ACTIVE
ACC000281,CUS000189,SAVINGS,PEN,2018-12-30,ACTIVE
ACC000282,CUS000190,CREDIT,PEN,2023-03-17,ACTIVE
ACC000283,CUS000191,CREDIT,PEN,2019-05-19,ACTIVE
ACC000284,CUS000192,SAVINGS,USD,2025-11-14,ACTIVE
ACC000285,CUS000193,CREDIT,PEN,2021-08-24,ACTIVE
ACC000286,CUS000193,CREDIT,PEN,2026-06-22,CLOSED
ACC000287,CUS000194,CHECKING,PEN,2022-04-02,ACTIVE
ACC000288,CUS000195,CREDIT,USD,2019-07-03,ACTIVE
ACC000289,CUS000195,CREDIT,PEN,2022-04-23,ACTIVE
ACC000290,CUS000196,CREDIT,PEN,2022-04-10,ACTIVE
ACC000291,CUS000196,SAVINGS,USD,2022-04-29,ACTIVE
ACC000292,CUS000197,CHECKING,USD,2024-09-30,ACTIVE
ACC000293,CUS000197,CHECKING,PEN,2019-05-30,ACTIVE
ACC000294,CUS000198,CHECKING,USD,2018-12-07,ACTIVE
ACC000295,CUS000199,CREDIT,PEN,2026-06-03,DORMANT
ACC000296,CUS000200,CREDIT,USD,2020-03-13,ACTIVE
ACC000297,CUS000201,SAVINGS,USD,2019-12-14,ACTIVE
ACC000298,CUS000201,CHECKING,PEN,2025-04-30,CLOSED
ACC000299,CUS000202,CHECKING,PEN,2026-07-13,ACTIVE
ACC000300,CUS000202,CREDIT,PEN,2024-09-02,ACTIVE
ACC000301,CUS000203,CHECKING,PEN,2018-09-07,ACTIVE
ACC000302,CUS000204,CHECKING,PEN,2023-05-06,DORMANT
ACC000303,CUS000205,CHECKING,PEN,2022-08-21,ACTIVE
ACC000304,CUS000206,CREDIT,PEN,2024-10-06,ACTIVE
ACC000305,CUS000206,CREDIT,PEN,2022-08-21,DORMANT
ACC000306,CUS000207,CREDIT,USD,2025-06-01,ACTIVE
ACC000307,CUS000207,CHECKING,USD,2021-07-11,DORMANT
ACC000308,CUS000208,CHECKING,USD,2025-07-28,ACTIVE
ACC000309,CUS000208,CREDIT,PEN,2020-03-30,ACTIVE
ACC000310,CUS000209,SAVINGS,USD,2024-11-20,ACTIVE
ACC000311,CUS000209,SAVINGS,USD,2019-01-21,ACTIVE
ACC000312,CUS000210,SAVINGS,USD,2020-11-18,DORMANT
ACC000313,CUS000211,CREDIT,USD,2020-06-01,ACTIVE
ACC000314,CUS000211,SAVINGS,PEN,2025-07-07,ACTIVE
ACC000315,CUS000212,SAVINGS,USD,2025-08-01,ACTIVE
ACC000316,CUS000213,CREDIT,PEN,2022-11-12,ACTIVE
ACC000317,CUS000214,CREDIT,PEN,2019-03-23,ACTIVE
ACC000318,CUS000215,SAVINGS,USD,2020-02-23,ACTIVE
ACC000319,CUS000215,CREDIT,USD,2026-05-17,ACTIVE
ACC000320,CUS000216,SAVINGS,USD,2023-10-03,ACTIVE
ACC000321,CUS000216,CHECKING,PEN,2024-09-24,ACTIVE
ACC000322,CUS000217,CREDIT,USD,2021-11-24,ACTIVE
ACC000323,CUS000217,CHECKING,USD,2022-05-23,ACTIVE
ACC000324,CUS000218,CHECKING,USD,2026-01-07,ACTIVE
ACC000325,CUS000219,SAVINGS,PEN,2024-09-06,ACTIVE
ACC000326,CUS000220,CREDIT,PEN,2021-07-17,ACTIVE
ACC000327,CUS000221,CHECKING,PEN,2023-02-19,ACTIVE
ACC000328,CUS000221,CHECKING,USD,2020-05-25,DORMANT
ACC000329,CUS000222,CREDIT,PEN,2019-09-11,ACTIVE
ACC000330,CUS000223,CREDIT,USD,2021-09-24,ACTIVE
ACC000331,CUS000223,CHECKING,USD,2019-06-27,ACTIVE
ACC000332,CUS000224,SAVINGS,PEN,2022-01-03,ACTIVE
ACC000333,CUS000224,CHECKING,USD,2023-04-08,ACTIVE
ACC000334,CUS000225,CREDIT,PEN,2024-01-02,ACTIVE
ACC000335,CUS000226,CHECKING,USD,2018-10-14,ACTIVE
ACC000336,CUS000226,SAVINGS,PEN,2026-07-21,ACTIVE
ACC000337,CUS000227,CHECKING,USD,2019-11-16,ACTIVE
ACC000338,CUS000227,CHECKING,PEN,2023-07-27,ACTIVE
ACC000339,CUS000228,CREDIT,PEN,2018-10-07,ACTIVE
ACC000340,CUS000228,SAVINGS,PEN,2022-01-08,ACTIVE
ACC000341,CUS000229,SAVINGS,USD,2021-09-28,ACTIVE
ACC000342,CUS000230,SAVINGS,USD,2023-04-27,ACTIVE
ACC000343,CUS000231,CHECKING,USD,2022-10-09,CLOSED
ACC000344,CUS000232,CREDIT,USD,2019-08-19,ACTIVE
ACC000345,CUS000233,CHECKING,PEN,2021-08-09,ACTIVE
ACC000346,CUS000234,SAVINGS,PEN,2020-05-27,ACTIVE
ACC000347,CUS000234,CHECKING,USD,2025-01-05,ACTIVE
ACC000348,CUS000235,SAVINGS,USD,2024-07-18,ACTIVE
ACC000349,CUS000235,CHECKING,PEN,2024-05-25,CLOSED
ACC000350,CUS000236,CREDIT,PEN,2024-11-12,ACTIVE
ACC000351,CUS000237,CREDIT,PEN,2022-06-02,ACTIVE
ACC000352,CUS000237,CREDIT,USD,2026-02-21,ACTIVE
ACC000353,CUS000238,SAVINGS,USD,2024-07-08,ACTIVE
ACC000354,CUS000238,CHECKING,USD,2023-06-21,ACTIVE
ACC000355,CUS000239,CHECKING,USD,2023-01-11,ACTIVE
ACC000356,CUS000240,CREDIT,USD,2021-07-12,ACTIVE
ACC000357,CUS000240,SAVINGS,USD,2018-11-19,ACTIVE
ACC000358,CUS000241,CREDIT,USD,2023-05-25,ACTIVE
ACC000359,CUS000241,CREDIT,PEN,2021-04-30,ACTIVE
ACC000360,CUS000242,CHECKING,PEN,2023-09-19,ACTIVE
ACC000361,CUS000242,CREDIT,USD,2019-03-06,ACTIVE
ACC000362,CUS000243,SAVINGS,PEN,2025-10-13,ACTIVE
ACC000363,CUS000244,SAVINGS,USD,2024-06-10,CLOSED
ACC000364,CUS000245,CHECKING,PEN,2021-04-29,ACTIVE
ACC000365,CUS000245,CHECKING,PEN,2022-09-24,ACTIVE
ACC000366,CUS000246,SAVINGS,PEN,2020-05-19,ACTIVE
ACC000367,CUS000247,CREDIT,PEN,2019-01-23,ACTIVE
ACC000368,CUS000247,CHECKING,PEN,2021-09-28,ACTIVE
ACC000369,CUS000248,CREDIT,USD,2022-07-23,ACTIVE
ACC000370,CUS000249,SAVINGS,USD,2025-03-11,ACTIVE
ACC000371,CUS000250,CHECKING,USD,2018-09-21,ACTIVE
ACC000372,CUS000251,SAVINGS,PEN,2021-03-30,DORMANT
ACC000373,CUS000251,CREDIT,PEN,2020-06-28,CLOSED
ACC000374,CUS000252,CREDIT,USD,2020-04-12,ACTIVE
ACC000375,CUS000252,CHECKING,USD,2019-04-03,ACTIVE
ACC000376,CUS000253,SAVINGS,PEN,2025-01-12,CLOSED
ACC000377,CUS000253,CREDIT,PEN,2021-05-21,ACTIVE
ACC000378,CUS000254,CHECKING,USD,2020-08-04,CLOSED
ACC000379,CUS000255,CHECKING,PEN,2023-02-07,CLOSED
ACC000380,CUS000256,SAVINGS,USD,2026-03-29,ACTIVE
ACC000381,CUS000257,CREDIT,USD,2023-02-07,ACTIVE
ACC000382,CUS000257,CHECKING,PEN,2022-02-08,ACTIVE
ACC000383,CUS000258,SAVINGS,USD,2021-01-14,ACTIVE
ACC000384,CUS000258,SAVINGS,PEN,2025-10-21,ACTIVE
ACC000385,CUS000259,CHECKING,PEN,2020-10-19,ACTIVE
ACC000386,CUS000260,CHECKING,USD,2018-10-23,ACTIVE
ACC000387,CUS000261,CHECKING,USD,2025-07-31,ACTIVE
ACC000388,CUS000261,CHECKING,USD,2024-12-24,ACTIVE
ACC000389,CUS000262,CHECKING,USD,2018-10-28,ACTIVE
ACC000390,CUS000263,CHECKING,PEN,2019-09-27,ACTIVE
ACC000391,CUS000264,CHECKING,PEN,2024-06-19,ACTIVE
ACC000392,CUS000265,SAVINGS,USD,2024-01-30,ACTIVE
ACC000393,CUS000265,CREDIT,PEN,2024-03-05,CLOSED
ACC000394,CUS000266,CHECKING,PEN,2019-07-19,ACTIVE
ACC000395,CUS000266,SAVINGS,PEN,2023-06-19,ACTIVE
ACC000396,CUS000267,SAVINGS,USD,2025-01-06,ACTIVE
ACC000397,CUS000268,CHECKING,PEN,2022-08-10,ACTIVE
ACC000398,CUS000268,CHECKING,PEN,2025-06-12,ACTIVE
ACC000399,CUS000269,CHECKING,PEN,2026-02-21,DORMANT
ACC000400,CUS000270,CREDIT,USD,2023-12-24,ACTIVE
ACC000401,CUS000270,SAVINGS,USD,2020-05-31,ACTIVE
ACC000402,CUS000271,SAVINGS,PEN,2025-03-08,ACTIVE
ACC000403,CUS000272,SAVINGS,PEN,2021-12-04,ACTIVE
ACC000404,CUS000272,SAVINGS,PEN,2021-08-19,ACTIVE
ACC000405,CUS000273,CHECKING,PEN,2018-12-03,ACTIVE
ACC000406,CUS000274,SAVINGS,USD,2021-09-10,ACTIVE
ACC000407,CUS000275,CHECKING,PEN,2024-12-02,ACTIVE
ACC000408,CUS000276,CREDIT,USD,2019-03-29,ACTIVE
ACC000409,CUS000276,CREDIT,USD,2023-07-01,ACTIVE
ACC000410,CUS000277,CHECKING,USD,2019-02-20,ACTIVE
ACC000411,CUS000277,SAVINGS,PEN,2020-07-29,ACTIVE
ACC000412,CUS000278,SAVINGS,PEN,2023-12-18,ACTIVE
ACC000413,CUS000279,SAVINGS,USD,2022-08-14,ACTIVE
ACC000414,CUS000279,CREDIT,PEN,2022-03-18,ACTIVE
ACC000415,CUS000280,CHECKING,USD,2020-09-08,ACTIVE
ACC000416,CUS000281,CREDIT,USD,2023-11-16,ACTIVE
ACC000417,CUS000281,SAVINGS,PEN,2021-11-22,ACTIVE
ACC000418,CUS000282,SAVINGS,USD,2024-07-11,ACTIVE
ACC000419,CUS000282,CREDIT,USD,2018-09-15,CLOSED
ACC000420,CUS000283,CHECKING,PEN,2019-12-02,DORMANT
ACC000421,CUS000283,CHECKING,USD,2021-02-15,ACTIVE
ACC000422,CUS000284,SAVINGS,USD,2020-09-29,ACTIVE
ACC000423,CUS000284,SAVINGS,USD,2020-08-01,ACTIVE
ACC000424,CUS000285,CHECKING,USD,2023-12-23,ACTIVE
ACC000425,CUS000286,CREDIT,PEN,2022-10-28,ACTIVE
ACC000426,CUS000286,SAVINGS,PEN,2024-04-22,ACTIVE
ACC000427,CUS000287,SAVINGS,USD,2026-01-14,ACTIVE
ACC000428,CUS000287,SAVINGS,USD,2023-06-30,ACTIVE
ACC000429,CUS000288,CREDIT,USD,2023-07-27,ACTIVE
ACC000430,CUS000288,CREDIT,PEN,2022-08-22,DORMANT
ACC000431,CUS000289,SAVINGS,PEN,2025-01-04,ACTIVE
ACC000432,CUS000290,CHECKING,PEN,2023-08-18,ACTIVE
ACC000433,CUS000291,SAVINGS,PEN,2022-04-29,ACTIVE
ACC000434,CUS000291,CREDIT,USD,2025-12-15,ACTIVE
ACC000435,CUS000292,CREDIT,PEN,2021-03-11,CLOSED
ACC000436,CUS000293,SAVINGS,PEN,2023-04-15,ACTIVE
ACC000437,CUS000293,CHECKING,PEN,2024-05-19,ACTIVE
ACC000438,CUS000294,CREDIT,USD,2018-09-10,ACTIVE
ACC000439,CUS000295,CHECKING,PEN,2018-10-21,ACTIVE
ACC000440,CUS000296,SAVINGS,PEN,2023-06-14,ACTIVE
ACC000441,CUS000296,SAVINGS,PEN,2024-04-13,ACTIVE
ACC000442,CUS000297,CHECKING,PEN,2019-02-21,ACTIVE
ACC000443,CUS000298,CREDIT,PEN,2020-04-05,CLOSED
ACC000444,CUS000298,CHECKING,PEN,2021-02-03,ACTIVE
ACC000445,CUS000299,CREDIT,PEN,2023-12-04,ACTIVE
ACC000446,CUS000299,SAVINGS,USD,2019-05-07,ACTIVE
ACC000447,CUS000300,CREDIT,USD,2020-04-25,ACTIVE
ACC000448,CUS000301,SAVINGS,PEN,2020-06-05,ACTIVE
ACC000449,CUS000301,CREDIT,USD,2021-03-06,CLOSED
ACC000450,CUS000302,CHECKING,USD,2020-08-20,ACTIVE
ACC000451,CUS000303,CREDIT,PEN,2024-07-31,ACTIVE
ACC000452,CUS000304,CHECKING,USD,2023-08-11,ACTIVE
ACC000453,CUS000304,CHECKING,PEN,2020-08-21,ACTIVE
ACC000454,CUS000305,CREDIT,PEN,2021-10-23,ACTIVE
ACC000455,CUS000306,CREDIT,PEN,2021-12-16,ACTIVE
ACC000456,CUS000307,CREDIT,USD,2020-05-21,ACTIVE
ACC000457,CUS000308,CREDIT,USD,2019-09-05,ACTIVE
ACC000458,CUS000308,CREDIT,PEN,2019-01-23,ACTIVE
ACC000459,CUS000309,SAVINGS,USD,2025-01-24,ACTIVE
ACC000460,CUS000310,CHECKING,PEN,2022-07-09,ACTIVE
ACC000461,CUS000310,CREDIT,USD,2023-01-20,ACTIVE
ACC000462,CUS000311,SAVINGS,USD,2018-09-26,ACTIVE
ACC000463,CUS000312,CHECKING,PEN,2024-03-17,ACTIVE
ACC000464,CUS000312,CREDIT,USD,2023-10-12,ACTIVE
ACC000465,CUS000313,SAVINGS,USD,2024-11-27,ACTIVE
ACC000466,CUS000314,CHECKING,PEN,2020-04-25,ACTIVE
ACC000467,CUS000315,CREDIT,USD,2018-12-12,ACTIVE
ACC000468,CUS000315,CHECKING,PEN,2022-04-28,ACTIVE
ACC000469,CUS000316,CREDIT,USD,2024-01-25,ACTIVE
ACC000470,CUS000317,CREDIT,PEN,2023-04-17,ACTIVE
ACC000471,CUS000318,SAVINGS,USD,2026-03-06,ACTIVE
ACC000472,CUS000319,SAVINGS,PEN,2026-01-20,ACTIVE
ACC000473,CUS000320,CREDIT,PEN,2025-07-01,ACTIVE
ACC000474,CUS000321,SAVINGS,USD,2023-09-17,ACTIVE
ACC000475,CUS000322,SAVINGS,PEN,2026-05-23,ACTIVE
ACC000476,CUS000322,CHECKING,USD,2019-08-19,ACTIVE
ACC000477,CUS000323,CHECKING,USD,2023-02-28,ACTIVE
ACC000478,CUS000324,SAVINGS,PEN,2026-07-08,ACTIVE
ACC000479,CUS000324,SAVINGS,USD,2019-10-06,CLOSED
ACC000480,CUS000325,CHECKING,USD,2020-09-22,ACTIVE
ACC000481,CUS000326,CREDIT,PEN,2022-10-19,ACTIVE
ACC000482,CUS000327,CREDIT,USD,2018-12-24,ACTIVE
ACC000483,CUS000328,SAVINGS,USD,2018-11-27,ACTIVE
ACC000484,CUS000328,CHECKING,USD,2023-06-17,DORMANT
ACC000485,CUS000329,CHECKING,USD,2025-07-02,ACTIVE
ACC000486,CUS000329,CHECKING,USD,2022-10-13,ACTIVE
ACC000487,CUS000330,CHECKING,USD,2025-09-09,ACTIVE
ACC000488,CUS000331,SAVINGS,USD,2018-10-30,ACTIVE
ACC000489,CUS000331,SAVINGS,USD,2020-09-27,ACTIVE
ACC000490,CUS000332,CREDIT,USD,2022-09-22,ACTIVE
ACC000491,CUS000333,CHECKING,USD,2025-08-20,ACTIVE
ACC000492,CUS000334,CHECKING,PEN,2026-01-23,ACTIVE
ACC000493,CUS000335,CHECKING,PEN,2023-04-24,ACTIVE
ACC000494,CUS000336,SAVINGS,USD,2019-12-30,ACTIVE
ACC000495,CUS000337,CHECKING,USD,2020-10-08,CLOSED
ACC000496,CUS000338,SAVINGS,USD,2021-08-02,ACTIVE
ACC000497,CUS000339,CHECKING,USD,2018-09-20,ACTIVE
ACC000498,CUS000339,CHECKING,USD,2019-02-16,ACTIVE
ACC000499,CUS000340,CHECKING,PEN,2023-01-08,ACTIVE
ACC000500,CUS000341,CREDIT,USD,2018-12-07,ACTIVE
ACC000501,CUS000342,SAVINGS,PEN,2022-12-04,ACTIVE
ACC000502,CUS000343,CREDIT,USD,2025-08-01,DORMANT
ACC000503,CUS000343,SAVINGS,USD,2019-12-23,DORMANT
ACC000504,CUS000344,SAVINGS,PEN,2020-01-24,CLOSED
ACC000505,CUS000344,CHECKING,USD,2022-08-08,ACTIVE
ACC000506,CUS000345,CHECKING,USD,2023-12-13,ACTIVE
ACC000507,CUS000346,CREDIT,PEN,2022-01-06,ACTIVE
ACC000508,CUS000346,SAVINGS,USD,2019-09-27,ACTIVE
ACC000509,CUS000347,CREDIT,PEN,2026-01-02,ACTIVE
ACC000510,CUS000347,CREDIT,USD,2019-03-13,ACTIVE
ACC000511,CUS000348,SAVINGS,USD,2018-10-02,ACTIVE
ACC000512,CUS000348,CHECKING,USD,2024-07-09,ACTIVE
ACC000513,CUS000349,SAVINGS,USD,2018-11-07,ACTIVE
ACC000514,CUS000350,CHECKING,PEN,2020-01-07,DORMANT
ACC000515,CUS000350,CHECKING,USD,2024-10-13,ACTIVE
ACC000516,CUS000351,SAVINGS,USD,2020-07-04,ACTIVE
ACC000517,CUS000351,SAVINGS,USD,2023-12-15,ACTIVE
ACC000518,CUS000352,CREDIT,USD,2021-04-18,ACTIVE
ACC000519,CUS000352,CREDIT,PEN,2019-07-25,ACTIVE
ACC000520,CUS000353,CREDIT,USD,2023-05-03,ACTIVE
ACC000521,CUS000354,SAVINGS,USD,2019-10-05,ACTIVE
ACC000522,CUS000355,SAVINGS,PEN,2024-08-25,ACTIVE
ACC000523,CUS000356,CHECKING,PEN,2023-05-04,ACTIVE
ACC000524,CUS000356,SAVINGS,PEN,2019-01-22,ACTIVE
ACC000525,CUS000357,CREDIT,USD,2020-08-06,ACTIVE
ACC000526,CUS000357,SAVINGS,PEN,2024-02-10,ACTIVE
ACC000527,CUS000358,CREDIT,PEN,2022-02-07,ACTIVE
ACC000528,CUS000359,SAVINGS,USD,2018-10-16,ACTIVE
ACC000529,CUS000359,SAVINGS,USD,2020-05-28,ACTIVE
ACC000530,CUS000360,CREDIT,USD,2025-06-04,ACTIVE
ACC000531,CUS000360,CREDIT,USD,2024-05-21,ACTIVE
ACC000532,CUS000361,CREDIT,PEN,2026-07-28,ACTIVE
ACC000533,CUS000361,CREDIT,USD,2023-01-07,ACTIVE
ACC000534,CUS000362,SAVINGS,PEN,2022-04-20,ACTIVE
ACC000535,CUS000362,CREDIT,PEN,2019-07-13,ACTIVE
ACC000536,CUS000363,CHECKING,USD,2022-07-20,CLOSED
ACC000537,CUS000364,SAVINGS,PEN,2023-07-06,DORMANT
ACC000538,CUS000365,SAVINGS,PEN,2025-08-17,ACTIVE
ACC000539,CUS000365,SAVINGS,USD,2019-11-24,ACTIVE
ACC000540,CUS000366,SAVINGS,PEN,2019-08-17,ACTIVE
ACC000541,CUS000367,CHECKING,USD,2022-03-08,DORMANT
ACC000542,CUS000368,CHECKING,USD,2022-01-13,ACTIVE
ACC000543,CUS000369,SAVINGS,USD,2023-06-13,ACTIVE
ACC000544,CUS000370,SAVINGS,PEN,2023-02-24,ACTIVE
ACC000545,CUS000370,SAVINGS,PEN,2019-08-24,ACTIVE
ACC000546,CUS000371,SAVINGS,USD,2019-07-16,CLOSED
ACC000547,CUS000372,CHECKING,PEN,2026-05-11,ACTIVE
ACC000548,CUS000373,CHECKING,PEN,2024-12-03,ACTIVE
ACC000549,CUS000374,CREDIT,USD,2026-06-07,ACTIVE
ACC000550,CUS000374,CHECKING,PEN,2023-05-20,ACTIVE
ACC000551,CUS000375,CREDIT,USD,2024-05-17,ACTIVE
ACC000552,CUS000376,CREDIT,USD,2019-09-18,ACTIVE
ACC000553,CUS000377,CREDIT,USD,2022-05-29,ACTIVE
ACC000554,CUS000377,CHECKING,USD,2023-12-08,ACTIVE
ACC000555,CUS000378,SAVINGS,PEN,2023-05-12,ACTIVE
ACC000556,CUS000379,SAVINGS,USD,2021-12-16,ACTIVE
ACC000557,CUS000380,CHECKING,USD,2024-12-27,ACTIVE
ACC000558,CUS000381,SAVINGS,USD,2020-04-11,ACTIVE
ACC000559,CUS000381,CREDIT,PEN,2024-07-06,ACTIVE
ACC000560,CUS000382,CREDIT,PEN,2025-05-14,ACTIVE
ACC000561,CUS000383,SAVINGS,PEN,2020-06-15,ACTIVE
ACC000562,CUS000383,CHECKING,PEN,2023-04-30,ACTIVE
ACC000563,CUS000384,SAVINGS,PEN,2019-09-27,ACTIVE
ACC000564,CUS000385,CHECKING,USD,2025-06-18,ACTIVE
ACC000565,CUS000385,CREDIT,USD,2021-06-19,ACTIVE
ACC000566,CUS000386,CHECKING,PEN,2024-04-26,ACTIVE
ACC000567,CUS000387,CREDIT,PEN,2024-06-07,ACTIVE
ACC000568,CUS000388,CHECKING,USD,2026-05-25,CLOSED
ACC000569,CUS000389,CREDIT,PEN,2020-11-24,ACTIVE
ACC000570,CUS000390,CHECKING,PEN,2021-09-05,ACTIVE
ACC000571,CUS000391,CHECKING,PEN,2023-09-17,ACTIVE
ACC000572,CUS000392,CREDIT,USD,2026-01-14,ACTIVE
ACC000573,CUS000392,SAVINGS,USD,2022-03-14,ACTIVE
ACC000574,CUS000393,SAVINGS,PEN,2023-05-05,ACTIVE
ACC000575,CUS000393,CHECKING,USD,2020-09-26,ACTIVE
ACC000576,CUS000394,SAVINGS,USD,2023-05-20,ACTIVE
ACC000577,CUS000394,CHECKING,PEN,2025-02-02,ACTIVE
ACC000578,CUS000395,SAVINGS,USD,2021-08-20,CLOSED
ACC000579,CUS000395,CREDIT,USD,2024-07-14,ACTIVE
ACC000580,CUS000396,CHECKING,USD,2021-04-22,ACTIVE
ACC000581,CUS000397,CHECKING,USD,2019-03-25,ACTIVE
ACC000582,CUS000397,CREDIT,USD,2024-03-25,ACTIVE
ACC000583,CUS000398,CREDIT,USD,2025-04-30,ACTIVE
ACC000584,CUS000399,SAVINGS,USD,2022-10-26,CLOSED
ACC000585,CUS000399,CHECKING,PEN,2020-09-29,ACTIVE
ACC000586,CUS000400,CHECKING,PEN,2021-02-11,ACTIVE
ACC000587,CUS000401,SAVINGS,PEN,2020-12-25,ACTIVE
ACC000588,CUS000402,CREDIT,PEN,2025-08-21,ACTIVE
ACC000589,CUS000402,CREDIT,PEN,2022-05-08,ACTIVE
ACC000590,CUS000403,SAVINGS,USD,2026-02-13,ACTIVE
ACC000591,CUS000404,CREDIT,PEN,2022-04-23,ACTIVE
ACC000592,CUS000404,CREDIT,USD,2020-09-15,ACTIVE
ACC000593,CUS000405,CHECKING,PEN,2025-01-10,ACTIVE
ACC000594,CUS000406,SAVINGS,PEN,2025-02-08,ACTIVE
ACC000595,CUS000407,CREDIT,USD,2021-01-30,ACTIVE
ACC000596,CUS000408,CREDIT,PEN,2019-02-13,ACTIVE
ACC000597,CUS000409,CHECKING,USD,2019-09-18,ACTIVE
ACC000598,CUS000410,CHECKING,PEN,2023-09-16,ACTIVE
ACC000599,CUS000410,SAVINGS,USD,2018-11-03,CLOSED
ACC000600,CUS000411,SAVINGS,PEN,2025-09-05,ACTIVE
ACC000601,CUS000412,CHECKING,PEN,2023-03-12,ACTIVE
ACC000602,CUS000412,SAVINGS,USD,2025-12-15,ACTIVE
ACC000603,CUS000413,CHECKING,PEN,2022-09-27,ACTIVE
ACC000604,CUS000414,CREDIT,PEN,2026-07-22,ACTIVE
ACC000605,CUS000415,CREDIT,USD,2020-08-25,ACTIVE
ACC000606,CUS000416,SAVINGS,USD,2020-09-07,ACTIVE
ACC000607,CUS000416,CREDIT,USD,2020-05-25,ACTIVE
ACC000608,CUS000417,CHECKING,USD,2021-06-01,ACTIVE
ACC000609,CUS000418,CREDIT,USD,2022-09-02,ACTIVE
ACC000610,CUS000418,CHECKING,USD,2019-11-26,ACTIVE
ACC000611,CUS000419,CHECKING,USD,2023-09-26,ACTIVE
ACC000612,CUS000420,CREDIT,PEN,2019-08-11,ACTIVE
ACC000613,CUS000420,SAVINGS,USD,2020-06-07,ACTIVE
ACC000614,CUS000421,CREDIT,USD,2026-04-29,ACTIVE
ACC000615,CUS000421,SAVINGS,USD,2020-09-04,ACTIVE
ACC000616,CUS000422,CHECKING,USD,2025-02-20,ACTIVE
ACC000617,CUS000423,CHECKING,USD,2019-05-15,ACTIVE
ACC000618,CUS000424,CHECKING,USD,2020-05-24,ACTIVE
ACC000619,CUS000425,SAVINGS,PEN,2021-04-27,ACTIVE
ACC000620,CUS000425,CHECKING,USD,2020-08-31,ACTIVE
ACC000621,CUS000426,CHECKING,PEN,2023-07-29,ACTIVE
ACC000622,CUS000426,CHECKING,USD,2019-08-15,ACTIVE
ACC000623,CUS000427,CHECKING,USD,2019-02-18,ACTIVE
ACC000624,CUS000428,SAVINGS,USD,2019-03-31,ACTIVE
ACC000625,CUS000429,CREDIT,USD,2026-01-15,ACTIVE
ACC000626,CUS000429,CHECKING,PEN,2021-02-23,ACTIVE
ACC000627,CUS000430,CHECKING,PEN,2021-01-02,ACTIVE
ACC000628,CUS000431,SAVINGS,USD,2024-05-15,ACTIVE
ACC000629,CUS000432,CHECKING,USD,2023-11-05,ACTIVE
ACC000630,CUS000432,CREDIT,PEN,2021-05-13,ACTIVE
ACC000631,CUS000433,CHECKING,USD,2022-10-16,ACTIVE
ACC000632,CUS000433,CHECKING,PEN,2021-05-15,ACTIVE
ACC000633,CUS000434,CREDIT,PEN,2024-01-26,ACTIVE
ACC000634,CUS000435,CHECKING,PEN,2022-09-05,ACTIVE
ACC000635,CUS000435,CREDIT,USD,2023-10-13,ACTIVE
ACC000636,CUS000436,CREDIT,PEN,2025-06-11,ACTIVE
ACC000637,CUS000436,CREDIT,PEN,2018-12-06,ACTIVE
ACC000638,CUS000437,CREDIT,USD,2022-08-11,ACTIVE
ACC000639,CUS000438,CREDIT,USD,2019-05-12,ACTIVE
ACC000640,CUS000439,CHECKING,PEN,2023-04-16,ACTIVE
ACC000641,CUS000439,CREDIT,PEN,2018-09-16,ACTIVE
ACC000642,CUS000440,SAVINGS,PEN,2024-06-23,ACTIVE
ACC000643,CUS000440,SAVINGS,USD,2022-09-25,ACTIVE
ACC000644,CUS000441,CHECKING,USD,2019-06-21,DORMANT
ACC000645,CUS000441,SAVINGS,PEN,2025-04-18,ACTIVE
ACC000646,CUS000442,CHECKING,PEN,2022-04-19,ACTIVE
ACC000647,CUS000443,CREDIT,PEN,2022-06-09,ACTIVE
ACC000648,CUS000444,SAVINGS,USD,2021-12-25,ACTIVE
ACC000649,CUS000444,SAVINGS,USD,2021-12-19,ACTIVE
ACC000650,CUS000445,CREDIT,USD,2020-03-03,ACTIVE
ACC000651,CUS000446,SAVINGS,USD,2024-02-15,ACTIVE
ACC000652,CUS000447,SAVINGS,PEN,2025-07-07,ACTIVE
ACC000653,CUS000447,SAVINGS,PEN,2023-07-02,ACTIVE
ACC000654,CUS000448,CHECKING,PEN,2026-07-16,ACTIVE
ACC000655,CUS000449,CHECKING,PEN,2022-02-12,CLOSED
ACC000656,CUS000449,SAVINGS,PEN,2024-03-08,ACTIVE
ACC000657,CUS000450,SAVINGS,PEN,2022-09-15,ACTIVE
ACC000658,CUS000450,CREDIT,PEN,2018-11-08,ACTIVE
ACC000659,CUS000451,CREDIT,PEN,2022-02-24,ACTIVE
ACC000660,CUS000452,SAVINGS,PEN,2019-10-08,ACTIVE
ACC000661,CUS000453,CHECKING,USD,2022-09-30,ACTIVE
ACC000662,CUS000453,CREDIT,USD,2020-02-07,ACTIVE
ACC000663,CUS000454,SAVINGS,PEN,2023-05-18,ACTIVE
ACC000664,CUS000455,CREDIT,PEN,2021-12-28,ACTIVE
ACC000665,CUS000456,CREDIT,USD,2026-03-13,ACTIVE
ACC000666,CUS000456,CHECKING,PEN,2023-06-30,ACTIVE
ACC000667,CUS000457,CREDIT,PEN,2025-05-07,ACTIVE
ACC000668,CUS000458,SAVINGS,PEN,2022-05-22,ACTIVE
ACC000669,CUS000459,CREDIT,USD,2023-03-05,ACTIVE
ACC000670,CUS000459,SAVINGS,USD,2026-04-17,ACTIVE
ACC000671,CUS000460,CREDIT,PEN,2019-07-05,ACTIVE
ACC000672,CUS000460,SAVINGS,USD,2022-04-16,ACTIVE
ACC000673,CUS000461,CREDIT,PEN,2023-10-15,ACTIVE
ACC000674,CUS000462,CREDIT,USD,2024-08-03,ACTIVE
ACC000675,CUS000463,CHECKING,USD,2024-02-16,ACTIVE
ACC000676,CUS000463,SAVINGS,PEN,2021-07-14,ACTIVE
ACC000677,CUS000464,CREDIT,USD,2021-01-31,ACTIVE
ACC000678,CUS000464,CREDIT,PEN,2023-04-04,ACTIVE
ACC000679,CUS000465,CREDIT,PEN,2021-12-09,ACTIVE
ACC000680,CUS000466,CHECKING,USD,2024-01-18,ACTIVE
ACC000681,CUS000466,SAVINGS,USD,2020-09-07,ACTIVE
ACC000682,CUS000467,CREDIT,PEN,2019-07-05,ACTIVE
ACC000683,CUS000467,CREDIT,USD,2019-12-19,ACTIVE
ACC000684,CUS000468,SAVINGS,PEN,2021-03-23,ACTIVE
ACC000685,CUS000468,CREDIT,PEN,2025-06-27,ACTIVE
ACC000686,CUS000469,CREDIT,PEN,2019-08-20,ACTIVE
ACC000687,CUS000470,CHECKING,PEN,2026-01-11,ACTIVE
ACC000688,CUS000471,SAVINGS,PEN,2019-03-30,DORMANT
ACC000689,CUS000472,SAVINGS,PEN,2023-03-05,ACTIVE
ACC000690,CUS000473,CREDIT,PEN,2024-12-24,ACTIVE
ACC000691,CUS000473,CHECKING,PEN,2023-10-02,ACTIVE
ACC000692,CUS000474,SAVINGS,PEN,2018-11-28,ACTIVE
ACC000693,CUS000474,CREDIT,PEN,2024-12-08,ACTIVE
ACC000694,CUS000475,SAVINGS,PEN,2026-05-30,ACTIVE
ACC000695,CUS000476,SAVINGS,PEN,2022-01-17,ACTIVE
ACC000696,CUS000477,SAVINGS,PEN,2020-09-26,ACTIVE
ACC000697,CUS000478,SAVINGS,USD,2024-02-27,CLOSED
ACC000698,CUS000478,CHECKING,PEN,2025-12-24,ACTIVE
ACC000699,CUS000479,CREDIT,PEN,2022-09-26,ACTIVE
ACC000700,CUS000480,CREDIT,USD,2025-10-17,ACTIVE
ACC000701,CUS000481,CREDIT,PEN,2023-08-07,ACTIVE
ACC000702,CUS000482,CHECKING,USD,2019-03-06,ACTIVE
ACC000703,CUS000482,SAVINGS,PEN,2022-12-27,ACTIVE
ACC000704,CUS000483,CREDIT,USD,2022-08-09,ACTIVE
ACC000705,CUS000483,CHECKING,PEN,2020-05-15,CLOSED
ACC000706,CUS000484,CREDIT,PEN,2024-12-10,ACTIVE
ACC000707,CUS000485,SAVINGS,PEN,2024-09-19,ACTIVE
ACC000708,CUS000486,SAVINGS,USD,2020-10-06,ACTIVE
ACC000709,CUS000486,SAVINGS,PEN,2025-04-26,CLOSED
ACC000710,CUS000487,CREDIT,USD,2022-08-07,CLOSED
ACC000711,CUS000488,SAVINGS,USD,2023-03-31,ACTIVE
ACC000712,CUS000488,CREDIT,PEN,2026-03-27,ACTIVE
ACC000713,CUS000489,SAVINGS,USD,2025-05-25,ACTIVE
ACC000714,CUS000489,SAVINGS,PEN,2020-01-09,CLOSED
ACC000715,CUS000490,CHECKING,PEN,2024-07-29,ACTIVE
ACC000716,CUS000490,CHECKING,USD,2025-07-31,CLOSED
ACC000717,CUS000491,SAVINGS,PEN,2025-03-06,DORMANT
ACC000718,CUS000491,SAVINGS,USD,2022-01-19,ACTIVE
ACC000719,CUS000492,SAVINGS,USD,2020-07-16,ACTIVE
ACC000720,CUS000492,CREDIT,PEN,2022-11-15,ACTIVE
ACC000721,CUS000493,SAVINGS,PEN,2018-11-25,ACTIVE
ACC000722,CUS000494,SAVINGS,PEN,2019-01-31,ACTIVE
ACC000723,CUS000494,SAVINGS,USD,2019-11-04,ACTIVE
ACC000724,CUS000495,CHECKING,PEN,2019-12-11,ACTIVE
ACC000725,CUS000496,CREDIT,USD,2020-08-20,ACTIVE
ACC000726,CUS000496,CREDIT,USD,2020-06-22,CLOSED
ACC000727,CUS000497,SAVINGS,USD,2021-12-14,ACTIVE
ACC000728,CUS000498,SAVINGS,PEN,2023-12-21,ACTIVE
ACC000729,CUS000498,SAVINGS,USD,2022-02-12,ACTIVE
ACC000730,CUS000499,CREDIT,USD,2024-10-13,ACTIVE
ACC000731,CUS000499,CREDIT,USD,2026-03-17,ACTIVE
ACC000732,CUS000500,CREDIT,PEN,2023-03-25,ACTIVE
ACC000733,CUS000501,CHECKING,PEN,2023-11-28,ACTIVE
ACC000734,CUS000501,CREDIT,USD,2018-10-10,ACTIVE
ACC000735,CUS000502,CHECKING,USD,2023-06-06,ACTIVE
ACC000736,CUS000502,CHECKING,PEN,2024-07-19,ACTIVE
ACC000737,CUS000503,SAVINGS,USD,2025-09-03,ACTIVE
ACC000738,CUS000504,CREDIT,PEN,2018-09-19,ACTIVE
ACC000739,CUS000504,SAVINGS,PEN,2023-08-11,ACTIVE
ACC000740,CUS000505,CHECKING,PEN,2021-01-02,ACTIVE
ACC000741,CUS000505,SAVINGS,USD,2024-11-20,DORMANT
ACC000742,CUS000506,CHECKING,PEN,2025-06-29,ACTIVE
ACC000743,CUS000507,CHECKING,PEN,2025-03-19,ACTIVE
ACC000744,CUS000508,CREDIT,PEN,2024-06-23,ACTIVE
ACC000745,CUS000509,SAVINGS,PEN,2022-09-14,ACTIVE
ACC000746,CUS000509,SAVINGS,PEN,2020-05-09,ACTIVE
ACC000747,CUS000510,CHECKING,USD,2025-07-29,DORMANT
ACC000748,CUS000511,CHECKING,PEN,2019-05-28,ACTIVE
ACC000749,CUS000511,SAVINGS,USD,2019-06-23,CLOSED
ACC000750,CUS000512,SAVINGS,PEN,2019-10-23,ACTIVE
ACC000751,CUS000512,CHECKING,USD,2022-04-20,CLOSED
ACC000752,CUS000513,CREDIT,USD,2025-02-28,ACTIVE
ACC000753,CUS000513,CHECKING,PEN,2023-06-28,ACTIVE
ACC000754,CUS000514,SAVINGS,USD,2021-06-11,ACTIVE
ACC000755,CUS000514,SAVINGS,USD,2024-11-30,ACTIVE
ACC000756,CUS000515,CREDIT,PEN,2026-05-26,ACTIVE
ACC000757,CUS000516,CHECKING,USD,2022-08-17,ACTIVE
ACC000758,CUS000516,SAVINGS,USD,2024-11-10,ACTIVE
ACC000759,CUS000517,CHECKING,USD,2018-11-22,ACTIVE
ACC000760,CUS000517,CHECKING,USD,2022-07-28,ACTIVE
ACC000761,CUS000518,CHECKING,USD,2025-10-19,ACTIVE
ACC000762,CUS000518,SAVINGS,PEN,2021-05-27,ACTIVE
ACC000763,CUS000519,SAVINGS,USD,2019-10-25,ACTIVE
ACC000764,CUS000520,CHECKING,USD,2024-04-12,ACTIVE
ACC000765,CUS000520,CREDIT,USD,2024-07-21,ACTIVE
ACC000766,CUS000521,CHECKING,USD,2020-01-15,ACTIVE
ACC000767,CUS000522,CREDIT,USD,2023-08-03,DORMANT
ACC000768,CUS000522,CHECKING,PEN,2024-10-16,ACTIVE
ACC000769,CUS000523,CREDIT,PEN,2026-01-05,ACTIVE
ACC000770,CUS000524,CHECKING,PEN,2022-06-20,ACTIVE
ACC000771,CUS000525,SAVINGS,PEN,2024-01-04,ACTIVE
ACC000772,CUS000525,SAVINGS,PEN,2025-06-04,ACTIVE
ACC000773,CUS000526,CREDIT,USD,2023-06-20,ACTIVE
ACC000774,CUS000527,CREDIT,PEN,2022-02-25,ACTIVE
ACC000775,CUS000527,SAVINGS,PEN,2020-06-10,ACTIVE
ACC000776,CUS000528,CHECKING,PEN,2022-01-09,ACTIVE
ACC000777,CUS000529,CREDIT,USD,2025-04-22,ACTIVE
ACC000778,CUS000530,CREDIT,PEN,2021-06-01,ACTIVE
ACC000779,CUS000530,CREDIT,USD,2026-02-17,ACTIVE
ACC000780,CUS000531,SAVINGS,USD,2023-08-10,ACTIVE
ACC000781,CUS000531,CHECKING,USD,2025-05-23,ACTIVE
ACC000782,CUS000532,SAVINGS,USD,2026-02-11,ACTIVE
ACC000783,CUS000532,CREDIT,USD,2020-09-30,ACTIVE
ACC000784,CUS000533,CHECKING,PEN,2024-06-04,ACTIVE
ACC000785,CUS000533,CHECKING,USD,2026-02-15,ACTIVE
ACC000786,CUS000534,SAVINGS,USD,2024-07-31,ACTIVE
ACC000787,CUS000534,CHECKING,USD,2022-03-02,ACTIVE
ACC000788,CUS000535,SAVINGS,PEN,2020-01-10,ACTIVE
ACC000789,CUS000535,SAVINGS,USD,2024-09-15,ACTIVE
ACC000790,CUS000536,CHECKING,PEN,2024-12-10,ACTIVE
ACC000791,CUS000537,SAVINGS,PEN,2020-09-11,ACTIVE
ACC000792,CUS000537,SAVINGS,USD,2026-07-22,ACTIVE
ACC000793,CUS000538,CHECKING,PEN,2020-07-13,ACTIVE
ACC000794,CUS000539,CHECKING,PEN,2025-05-17,ACTIVE
ACC000795,CUS000539,SAVINGS,USD,2025-10-01,ACTIVE
ACC000796,CUS000540,CHECKING,PEN,2023-07-25,ACTIVE
ACC000797,CUS000540,CHECKING,USD,2026-01-03,ACTIVE
ACC000798,CUS000541,CHECKING,USD,2019-06-22,ACTIVE
ACC000799,CUS000542,SAVINGS,PEN,2022-07-28,ACTIVE
ACC000800,CUS000542,SAVINGS,USD,2024-12-17,ACTIVE
ACC000801,CUS000543,CHECKING,USD,2021-11-15,ACTIVE
ACC000802,CUS000543,SAVINGS,USD,2019-01-11,ACTIVE
ACC000803,CUS000544,SAVINGS,USD,2025-01-28,ACTIVE
ACC000804,CUS000544,SAVINGS,USD,2020-11-16,ACTIVE
ACC000805,CUS000545,CREDIT,USD,2024-10-01,ACTIVE
ACC000806,CUS000545,SAVINGS,PEN,2020-10-24,CLOSED
ACC000807,CUS000546,SAVINGS,USD,2023-08-12,ACTIVE
ACC000808,CUS000546,CHECKING,PEN,2021-03-03,ACTIVE
ACC000809,CUS000547,SAVINGS,PEN,2018-09-04,ACTIVE
ACC000810,CUS000548,SAVINGS,USD,2024-06-24,CLOSED
ACC000811,CUS000548,SAVINGS,USD,2022-01-10,ACTIVE
ACC000812,CUS000549,CHECKING,PEN,2021-07-02,ACTIVE
ACC000813,CUS000549,CREDIT,PEN,2021-10-19,ACTIVE
ACC000814,CUS000550,CREDIT,PEN,2022-06-13,ACTIVE
ACC000815,CUS000551,SAVINGS,PEN,2020-09-28,ACTIVE
ACC000816,CUS000552,CREDIT,PEN,2023-11-14,ACTIVE
ACC000817,CUS000553,SAVINGS,PEN,2026-07-20,ACTIVE
ACC000818,CUS000553,CREDIT,USD,2019-09-19,ACTIVE
ACC000819,CUS000554,SAVINGS,USD,2025-07-05,ACTIVE
ACC000820,CUS000554,CHECKING,PEN,2019-11-30,ACTIVE
ACC000821,CUS000555,SAVINGS,PEN,2023-04-13,ACTIVE
ACC000822,CUS000556,CREDIT,PEN,2026-02-04,ACTIVE
ACC000823,CUS000557,CREDIT,PEN,2025-08-16,ACTIVE
ACC000824,CUS000557,CREDIT,PEN,2021-12-23,ACTIVE
ACC000825,CUS000558,SAVINGS,USD,2023-08-22,ACTIVE
ACC000826,CUS000559,CHECKING,PEN,2025-09-25,CLOSED
ACC000827,CUS000559,SAVINGS,PEN,2024-05-23,ACTIVE
ACC000828,CUS000560,CHECKING,USD,2019-04-17,ACTIVE
ACC000829,CUS000561,CREDIT,PEN,2026-05-18,ACTIVE
ACC000830,CUS000562,CREDIT,USD,2021-12-10,ACTIVE
ACC000831,CUS000563,CREDIT,PEN,2022-05-31,CLOSED
ACC000832,CUS000564,SAVINGS,PEN,2025-10-03,ACTIVE
ACC000833,CUS000565,CREDIT,PEN,2024-07-28,ACTIVE
ACC000834,CUS000566,CREDIT,USD,2022-09-08,ACTIVE
ACC000835,CUS000567,SAVINGS,USD,2021-03-08,ACTIVE
ACC000836,CUS000568,CHECKING,USD,2018-10-27,ACTIVE
ACC000837,CUS000568,CHECKING,USD,2025-09-21,ACTIVE
ACC000838,CUS000569,SAVINGS,PEN,2018-09-27,ACTIVE
ACC000839,CUS000569,CREDIT,PEN,2024-03-03,ACTIVE
ACC000840,CUS000570,CREDIT,USD,2019-04-24,ACTIVE
ACC000841,CUS000571,CREDIT,PEN,2022-02-26,ACTIVE
ACC000842,CUS000571,CREDIT,PEN,2025-01-01,ACTIVE
ACC000843,CUS000572,CHECKING,USD,2023-03-07,ACTIVE
ACC000844,CUS000572,SAVINGS,PEN,2022-06-29,ACTIVE
ACC000845,CUS000573,CREDIT,PEN,2019-08-29,ACTIVE
ACC000846,CUS000574,CREDIT,PEN,2019-04-08,ACTIVE
ACC000847,CUS000575,CHECKING,USD,2024-03-05,ACTIVE
ACC000848,CUS000576,CREDIT,PEN,2020-11-19,ACTIVE
ACC000849,CUS000576,CREDIT,PEN,2025-01-04,ACTIVE
ACC000850,CUS000577,CHECKING,PEN,2024-08-11,ACTIVE
ACC000851,CUS000578,CHECKING,PEN,2020-12-29,ACTIVE
ACC000852,CUS000578,SAVINGS,PEN,2018-10-04,ACTIVE
ACC000853,CUS000579,SAVINGS,PEN,2025-08-14,ACTIVE
ACC000854,CUS000580,CREDIT,USD,2023-05-31,ACTIVE
ACC000855,CUS000581,CREDIT,PEN,2020-12-13,ACTIVE
ACC000856,CUS000581,CREDIT,USD,2026-04-02,ACTIVE
ACC000857,CUS000582,CHECKING,USD,2021-03-20,ACTIVE
ACC000858,CUS000583,SAVINGS,USD,2023-03-31,ACTIVE
ACC000859,CUS000583,SAVINGS,PEN,2019-04-01,ACTIVE
ACC000860,CUS000584,SAVINGS,PEN,2018-11-21,ACTIVE
ACC000861,CUS000585,SAVINGS,PEN,2019-12-18,ACTIVE
ACC000862,CUS000585,CREDIT,USD,2019-11-01,ACTIVE
ACC000863,CUS000586,CREDIT,PEN,2021-08-03,ACTIVE
ACC000864,CUS000586,CHECKING,USD,2021-02-08,ACTIVE
ACC000865,CUS000587,CHECKING,PEN,2023-02-24,ACTIVE
ACC000866,CUS000588,SAVINGS,USD,2020-03-20,ACTIVE
ACC000867,CUS000589,CHECKING,PEN,2026-07-11,ACTIVE
ACC000868,CUS000590,SAVINGS,USD,2025-05-14,ACTIVE
ACC000869,CUS000590,SAVINGS,USD,2019-04-06,CLOSED
ACC000870,CUS000591,CHECKING,PEN,2026-01-31,ACTIVE
ACC000871,CUS000591,CHECKING,USD,2025-02-17,ACTIVE
ACC000872,CUS000592,CHECKING,USD,2020-08-23,ACTIVE
ACC000873,CUS000592,CREDIT,USD,2025-06-02,ACTIVE
ACC000874,CUS000593,SAVINGS,PEN,2021-07-15,ACTIVE
ACC000875,CUS000593,CHECKING,PEN,2024-11-21,CLOSED
ACC000876,CUS000594,SAVINGS,PEN,2026-06-01,DORMANT
ACC000877,CUS000594,CHECKING,USD,2019-04-27,ACTIVE
ACC000878,CUS000595,CHECKING,USD,2026-05-12,DORMANT
ACC000879,CUS000595,SAVINGS,USD,2022-12-15,ACTIVE
ACC000880,CUS000596,CHECKING,PEN,2021-10-16,ACTIVE
ACC000881,CUS000596,CREDIT,PEN,2026-03-26,CLOSED
ACC000882,CUS000597,CREDIT,PEN,2025-04-28,ACTIVE
ACC000883,CUS000597,SAVINGS,USD,2018-10-09,CLOSED
ACC000884,CUS000598,SAVINGS,USD,2020-12-10,ACTIVE
ACC000885,CUS000598,CHECKING,USD,2021-04-01,ACTIVE
ACC000886,CUS000599,SAVINGS,PEN,2019-05-20,ACTIVE
ACC000887,CUS000600,SAVINGS,USD,2020-07-13,ACTIVE
ACC000888,CUS000601,CREDIT,USD,2023-04-27,ACTIVE
ACC000889,CUS000601,SAVINGS,USD,2019-12-31,ACTIVE
ACC000890,CUS000602,CHECKING,PEN,2022-08-25,ACTIVE
ACC000891,CUS000602,CREDIT,PEN,2026-04-30,ACTIVE
ACC000892,CUS000603,SAVINGS,USD,2024-11-02,ACTIVE
ACC000893,CUS000604,CHECKING,USD,2022-04-08,ACTIVE
ACC000894,CUS000605,CREDIT,PEN,2026-05-18,ACTIVE
ACC000895,CUS000605,CREDIT,PEN,2023-11-30,CLOSED
ACC000896,CUS000606,CREDIT,USD,2020-11-25,ACTIVE
ACC000897,CUS000607,CHECKING,PEN,2022-04-06,ACTIVE
ACC000898,CUS000608,SAVINGS,PEN,2020-02-02,ACTIVE
ACC000899,CUS000609,CHECKING,USD,2019-05-25,ACTIVE
ACC000900,CUS000609,SAVINGS,PEN,2022-05-27,ACTIVE
ACC000901,CUS000610,CHECKING,PEN,2021-01-27,DORMANT
ACC000902,CUS000611,SAVINGS,PEN,2023-10-23,ACTIVE
ACC000903,CUS000612,CREDIT,USD,2019-02-12,ACTIVE
ACC000904,CUS000613,CREDIT,PEN,2021-06-19,ACTIVE
ACC000905,CUS000613,CHECKING,PEN,2019-11-30,ACTIVE
ACC000906,CUS000614,SAVINGS,USD,2021-10-12,ACTIVE
ACC000907,CUS000615,CHECKING,USD,2025-03-25,CLOSED
ACC000908,CUS000615,SAVINGS,USD,2021-02-01,ACTIVE
ACC000909,CUS000616,CREDIT,PEN,2021-09-28,ACTIVE
ACC000910,CUS000616,SAVINGS,USD,2018-09-22,ACTIVE
ACC000911,CUS000617,SAVINGS,USD,2023-08-14,ACTIVE
ACC000912,CUS000617,CHECKING,PEN,2020-08-26,ACTIVE
ACC000913,CUS000618,CHECKING,USD,2025-03-04,ACTIVE
ACC000914,CUS000618,SAVINGS,USD,2018-09-26,ACTIVE
ACC000915,CUS000619,CREDIT,USD,2025-05-25,ACTIVE
ACC000916,CUS000619,CREDIT,PEN,2020-07-11,ACTIVE
ACC000917,CUS000620,SAVINGS,USD,2023-03-20,ACTIVE
ACC000918,CUS000621,SAVINGS,USD,2022-07-25,ACTIVE
ACC000919,CUS000622,SAVINGS,USD,2023-06-28,ACTIVE
ACC000920,CUS000623,CREDIT,PEN,2019-05-16,ACTIVE
ACC000921,CUS000623,SAVINGS,USD,2025-02-06,ACTIVE
ACC000922,CUS000624,SAVINGS,PEN,2025-12-04,ACTIVE
ACC000923,CUS000624,CREDIT,PEN,2019-11-16,ACTIVE
ACC000924,CUS000625,CREDIT,PEN,2025-06-16,ACTIVE
ACC000925,CUS000625,CREDIT,USD,2025-11-19,ACTIVE
ACC000926,CUS000626,SAVINGS,USD,2019-06-12,ACTIVE
ACC000927,CUS000627,CHECKING,PEN,2019-10-20,ACTIVE
ACC000928,CUS000627,CREDIT,USD,2022-12-14,ACTIVE
ACC000929,CUS000628,CREDIT,PEN,2019-07-03,ACTIVE
ACC000930,CUS000628,CREDIT,PEN,2025-10-25,ACTIVE
ACC000931,CUS000629,CHECKING,PEN,2024-05-11,ACTIVE
ACC000932,CUS000629,CREDIT,USD,2023-02-15,ACTIVE
ACC000933,CUS000630,CREDIT,PEN,2020-01-26,ACTIVE
ACC000934,CUS000631,SAVINGS,PEN,2024-09-24,ACTIVE
ACC000935,CUS000632,CHECKING,USD,2023-12-12,ACTIVE
ACC000936,CUS000633,CHECKING,USD,2020-06-10,ACTIVE
ACC000937,CUS000634,CREDIT,PEN,2023-08-01,ACTIVE
ACC000938,CUS000635,CHECKING,USD,2025-01-12,ACTIVE
ACC000939,CUS000636,CHECKING,PEN,2025-03-02,ACTIVE
ACC000940,CUS000637,CHECKING,PEN,2026-07-05,ACTIVE
ACC000941,CUS000637,CREDIT,PEN,2023-04-01,ACTIVE
ACC000942,CUS000638,CREDIT,USD,2020-10-11,ACTIVE
ACC000943,CUS000638,SAVINGS,USD,2020-05-03,ACTIVE
ACC000944,CUS000639,CHECKING,USD,2022-03-18,ACTIVE
ACC000945,CUS000639,SAVINGS,USD,2019-01-11,ACTIVE
ACC000946,CUS000640,CHECKING,PEN,2019-05-25,ACTIVE
ACC000947,CUS000640,CREDIT,PEN,2025-08-11,CLOSED
ACC000948,CUS000641,CHECKING,PEN,2022-01-19,ACTIVE
ACC000949,CUS000641,CREDIT,PEN,2022-11-06,ACTIVE
ACC000950,CUS000642,CHECKING,USD,2024-06-07,ACTIVE
ACC000951,CUS000643,CREDIT,PEN,2021-01-31,ACTIVE
ACC000952,CUS000643,CREDIT,USD,2025-12-08,ACTIVE
ACC000953,CUS000644,CREDIT,USD,2025-01-18,DORMANT
ACC000954,CUS000644,CHECKING,USD,2026-03-02,ACTIVE
ACC000955,CUS000645,CREDIT,USD,2024-04-27,ACTIVE
ACC000956,CUS000645,CHECKING,USD,2018-12-09,ACTIVE
ACC000957,CUS000646,CHECKING,USD,2026-07-07,ACTIVE
ACC000958,CUS000647,CREDIT,PEN,2020-10-31,ACTIVE
ACC000959,CUS000648,CREDIT,PEN,2020-09-21,ACTIVE
ACC000960,CUS000649,SAVINGS,PEN,2019-06-20,ACTIVE
ACC000961,CUS000650,CREDIT,USD,2026-07-04,ACTIVE
ACC000962,CUS000651,CREDIT,PEN,2025-10-29,DORMANT
ACC000963,CUS000652,SAVINGS,PEN,2025-12-11,DORMANT
ACC000964,CUS000652,CREDIT,USD,2025-12-24,ACTIVE
ACC000965,CUS000653,CREDIT,PEN,2019-10-19,ACTIVE
ACC000966,CUS000654,CREDIT,PEN,2019-09-13,ACTIVE
ACC000967,CUS000654,SAVINGS,USD,2020-06-16,ACTIVE
ACC000968,CUS000655,CREDIT,USD,2024-12-16,ACTIVE
ACC000969,CUS000656,CHECKING,USD,2019-03-31,ACTIVE
ACC000970,CUS000657,CREDIT,USD,2024-03-01,ACTIVE
ACC000971,CUS000658,SAVINGS,USD,2023-07-12,ACTIVE
ACC000972,CUS000659,SAVINGS,PEN,2023-03-08,ACTIVE
ACC000973,CUS000660,SAVINGS,USD,2024-09-28,ACTIVE
ACC000974,CUS000660,CHECKING,PEN,2021-02-02,ACTIVE
ACC000975,CUS000661,SAVINGS,USD,2022-07-24,ACTIVE
ACC000976,CUS000662,CREDIT,USD,2020-10-24,CLOSED
ACC000977,CUS000663,CHECKING,USD,2023-09-26,ACTIVE
ACC000978,CUS000664,SAVINGS,PEN,2023-11-02,ACTIVE
ACC000979,CUS000665,CHECKING,USD,2021-05-03,ACTIVE
ACC000980,CUS000665,CREDIT,USD,2024-11-28,ACTIVE
ACC000981,CUS000666,SAVINGS,PEN,2024-12-28,ACTIVE
ACC000982,CUS000667,CHECKING,PEN,2026-02-14,ACTIVE
ACC000983,CUS000668,CREDIT,USD,2024-11-11,DORMANT
ACC000984,CUS000669,SAVINGS,USD,2024-12-27,ACTIVE
ACC000985,CUS000670,CHECKING,USD,2022-10-18,ACTIVE
ACC000986,CUS000670,CREDIT,PEN,2020-03-07,ACTIVE
ACC000987,CUS000671,CHECKING,PEN,2022-10-29,ACTIVE
ACC000988,CUS000671,CREDIT,PEN,2026-05-10,ACTIVE
ACC000989,CUS000672,SAVINGS,USD,2023-02-02,ACTIVE
ACC000990,CUS000672,CREDIT,USD,2024-06-10,CLOSED
ACC000991,CUS000673,SAVINGS,PEN,2023-10-28,ACTIVE
ACC000992,CUS000673,CHECKING,PEN,2026-06-04,ACTIVE
ACC000993,CUS000674,CHECKING,PEN,2025-10-25,ACTIVE
ACC000994,CUS000674,CREDIT,USD,2022-12-16,ACTIVE
ACC000995,CUS000675,SAVINGS,PEN,2024-12-10,ACTIVE
ACC000996,CUS000675,SAVINGS,PEN,2019-04-12,ACTIVE
ACC000997,CUS000676,CREDIT,PEN,2020-12-20,ACTIVE
ACC000998,CUS000677,CREDIT,PEN,2023-03-24,ACTIVE
ACC000999,CUS000677,SAVINGS,PEN,2021-04-11,ACTIVE
ACC001000,CUS000678,CREDIT,USD,2025-12-06,CLOSED
ACC001001,CUS000679,SAVINGS,USD,2022-12-03,ACTIVE
ACC001002,CUS000680,CREDIT,PEN,2023-09-24,ACTIVE
ACC001003,CUS000680,CREDIT,USD,2025-07-18,ACTIVE
ACC001004,CUS000681,SAVINGS,USD,2022-10-11,ACTIVE
ACC001005,CUS000681,CHECKING,PEN,2021-09-27,ACTIVE
ACC001006,CUS000682,CHECKING,PEN,2026-06-13,ACTIVE
ACC001007,CUS000682,SAVINGS,USD,2020-02-16,DORMANT
ACC001008,CUS000683,CREDIT,USD,2021-07-09,ACTIVE
ACC001009,CUS000683,CREDIT,PEN,2023-10-18,ACTIVE
ACC001010,CUS000684,SAVINGS,USD,2023-07-13,ACTIVE
ACC001011,CUS000685,CREDIT,PEN,2023-12-08,ACTIVE
ACC001012,CUS000686,CREDIT,USD,2019-12-24,ACTIVE
ACC001013,CUS000686,CHECKING,USD,2019-07-14,ACTIVE
ACC001014,CUS000687,CHECKING,USD,2024-11-15,CLOSED
ACC001015,CUS000687,CHECKING,USD,2018-10-16,ACTIVE
ACC001016,CUS000688,CREDIT,PEN,2022-07-02,ACTIVE
ACC001017,CUS000688,SAVINGS,USD,2022-05-10,ACTIVE
ACC001018,CUS000689,CREDIT,USD,2021-05-11,ACTIVE
ACC001019,CUS000690,CREDIT,USD,2020-10-31,ACTIVE
ACC001020,CUS000691,CREDIT,PEN,2026-07-12,ACTIVE
ACC001021,CUS000692,SAVINGS,PEN,2023-05-18,ACTIVE
ACC001022,CUS000692,CHECKING,PEN,2025-05-18,ACTIVE
ACC001023,CUS000693,SAVINGS,USD,2025-10-22,ACTIVE
ACC001024,CUS000693,SAVINGS,PEN,2019-05-31,ACTIVE
ACC001025,CUS000694,CREDIT,PEN,2023-12-21,ACTIVE
ACC001026,CUS000695,CREDIT,PEN,2022-03-10,ACTIVE
ACC001027,CUS000695,SAVINGS,USD,2023-08-01,DORMANT
ACC001028,CUS000696,CREDIT,PEN,2020-08-07,ACTIVE
ACC001029,CUS000697,SAVINGS,USD,2020-05-02,ACTIVE
ACC001030,CUS000697,CREDIT,PEN,2018-10-05,ACTIVE
ACC001031,CUS000698,SAVINGS,USD,2019-06-20,ACTIVE
ACC001032,CUS000699,CREDIT,PEN,2019-10-07,ACTIVE
ACC001033,CUS000700,SAVINGS,USD,2024-11-18,ACTIVE
ACC001034,CUS000701,CHECKING,USD,2026-01-11,ACTIVE
ACC001035,CUS000701,SAVINGS,PEN,2020-03-14,ACTIVE
ACC001036,CUS000702,CHECKING,USD,2021-04-14,ACTIVE
ACC001037,CUS000702,CHECKING,PEN,2024-08-19,ACTIVE
ACC001038,CUS000703,CHECKING,USD,2019-06-09,ACTIVE
ACC001039,CUS000703,SAVINGS,PEN,2024-09-13,ACTIVE
ACC001040,CUS000704,SAVINGS,PEN,2023-09-04,ACTIVE
ACC001041,CUS000704,CREDIT,PEN,2022-06-21,ACTIVE
ACC001042,CUS000705,CHECKING,PEN,2019-03-23,ACTIVE
ACC001043,CUS000705,CREDIT,PEN,2022-01-05,ACTIVE
ACC001044,CUS000706,SAVINGS,USD,2023-10-07,ACTIVE
ACC001045,CUS000706,CREDIT,PEN,2019-02-23,ACTIVE
ACC001046,CUS000707,CHECKING,PEN,2025-07-16,DORMANT
ACC001047,CUS000708,CHECKING,USD,2023-08-08,DORMANT
ACC001048,CUS000709,CREDIT,USD,2026-01-17,ACTIVE
ACC001049,CUS000710,SAVINGS,USD,2023-09-29,ACTIVE
ACC001050,CUS000711,CHECKING,USD,2021-09-08,ACTIVE
ACC001051,CUS000712,SAVINGS,USD,2018-12-14,ACTIVE
ACC001052,CUS000713,CHECKING,PEN,2018-09-05,CLOSED
ACC001053,CUS000714,CREDIT,USD,2026-06-12,ACTIVE
ACC001054,CUS000714,CREDIT,USD,2021-09-06,ACTIVE
ACC001055,CUS000715,CHECKING,USD,2023-03-22,ACTIVE
ACC001056,CUS000715,CHECKING,USD,2024-11-25,DORMANT
ACC001057,CUS000716,CHECKING,USD,2021-12-19,ACTIVE
ACC001058,CUS000716,CREDIT,PEN,2020-11-26,ACTIVE
ACC001059,CUS000717,SAVINGS,USD,2025-07-22,ACTIVE
ACC001060,CUS000717,SAVINGS,PEN,2022-01-28,ACTIVE
ACC001061,CUS000718,CHECKING,USD,2024-09-15,ACTIVE
ACC001062,CUS000718,SAVINGS,USD,2026-01-02,ACTIVE
ACC001063,CUS000719,SAVINGS,USD,2024-06-27,ACTIVE
ACC001064,CUS000719,CHECKING,USD,2024-09-08,DORMANT
ACC001065,CUS000720,CHECKING,PEN,2026-03-22,DORMANT
ACC001066,CUS000721,CHECKING,PEN,2019-12-22,ACTIVE
ACC001067,CUS000721,CHECKING,USD,2023-12-19,ACTIVE
ACC001068,CUS000722,CREDIT,USD,2022-05-03,ACTIVE
ACC001069,CUS000723,CHECKING,PEN,2018-09-17,ACTIVE
ACC001070,CUS000724,CREDIT,PEN,2022-07-08,ACTIVE
ACC001071,CUS000725,SAVINGS,USD,2021-03-10,ACTIVE
ACC001072,CUS000725,SAVINGS,USD,2019-12-21,ACTIVE
ACC001073,CUS000726,CHECKING,PEN,2023-06-11,ACTIVE
ACC001074,CUS000727,CHECKING,USD,2019-10-06,ACTIVE
ACC001075,CUS000728,CHECKING,USD,2020-03-01,ACTIVE
ACC001076,CUS000728,CHECKING,USD,2026-05-21,ACTIVE
ACC001077,CUS000729,SAVINGS,USD,2025-04-03,ACTIVE
ACC001078,CUS000729,SAVINGS,PEN,2024-02-05,ACTIVE
ACC001079,CUS000730,CREDIT,PEN,2022-01-20,ACTIVE
ACC001080,CUS000731,CHECKING,PEN,2025-12-10,ACTIVE
ACC001081,CUS000731,CHECKING,PEN,2019-08-27,ACTIVE
ACC001082,CUS000732,SAVINGS,PEN,2022-12-05,ACTIVE
ACC001083,CUS000732,SAVINGS,PEN,2023-09-02,ACTIVE
ACC001084,CUS000733,CHECKING,PEN,2023-01-14,ACTIVE
ACC001085,CUS000734,SAVINGS,USD,2024-11-24,ACTIVE
ACC001086,CUS000734,CHECKING,USD,2018-09-25,ACTIVE
ACC001087,CUS000735,CHECKING,PEN,2024-08-20,ACTIVE
ACC001088,CUS000736,SAVINGS,USD,2020-01-18,ACTIVE
ACC001089,CUS000736,CHECKING,PEN,2022-02-11,ACTIVE
ACC001090,CUS000737,SAVINGS,USD,2021-03-18,ACTIVE
ACC001091,CUS000738,CHECKING,USD,2025-06-01,ACTIVE
ACC001092,CUS000738,CHECKING,PEN,2025-08-15,ACTIVE
ACC001093,CUS000739,CHECKING,PEN,2025-01-18,ACTIVE
ACC001094,CUS000739,CREDIT,PEN,2022-01-10,ACTIVE
ACC001095,CUS000740,CHECKING,PEN,2022-05-25,CLOSED
ACC001096,CUS000740,CREDIT,PEN,2026-06-22,ACTIVE
ACC001097,CUS000741,CHECKING,USD,2021-10-11,ACTIVE
ACC001098,CUS000741,CREDIT,PEN,2025-12-18,ACTIVE
ACC001099,CUS000742,CREDIT,PEN,2024-09-22,ACTIVE
ACC001100,CUS000743,CHECKING,USD,2024-02-27,ACTIVE
ACC001101,CUS000744,CHECKING,PEN,2025-09-29,ACTIVE
ACC001102,CUS000744,CREDIT,PEN,2022-11-20,ACTIVE
ACC001103,CUS000745,SAVINGS,USD,2025-04-07,ACTIVE
ACC001104,CUS000746,CHECKING,PEN,2022-05-07,ACTIVE
ACC001105,CUS000746,CHECKING,USD,2024-07-23,ACTIVE
ACC001106,CUS000747,CREDIT,USD,2020-06-11,ACTIVE
ACC001107,CUS000748,CHECKING,PEN,2020-10-24,ACTIVE
ACC001108,CUS000749,CREDIT,PEN,2023-08-21,ACTIVE
ACC001109,CUS000750,CHECKING,PEN,2024-02-12,ACTIVE
ACC001110,CUS000751,CREDIT,USD,2018-09-04,ACTIVE
ACC001111,CUS000752,CREDIT,PEN,2023-07-26,ACTIVE
ACC001112,CUS000753,CREDIT,PEN,2021-09-22,ACTIVE
ACC001113,CUS000754,CREDIT,PEN,2019-03-04,CLOSED
ACC001114,CUS000754,CREDIT,PEN,2022-03-10,ACTIVE
ACC001115,CUS000755,CHECKING,USD,2025-05-10,ACTIVE
ACC001116,CUS000755,CREDIT,PEN,2023-10-02,ACTIVE
ACC001117,CUS000756,CREDIT,PEN,2022-10-23,ACTIVE
ACC001118,CUS000756,CHECKING,USD,2021-07-04,ACTIVE
ACC001119,CUS000757,SAVINGS,USD,2023-11-02,ACTIVE
ACC001120,CUS000758,CREDIT,USD,2024-06-19,ACTIVE
ACC001121,CUS000758,CREDIT,USD,2026-03-09,ACTIVE
ACC001122,CUS000759,CREDIT,PEN,2021-03-12,ACTIVE
ACC001123,CUS000760,SAVINGS,USD,2025-03-25,ACTIVE
ACC001124,CUS000761,SAVINGS,USD,2026-03-14,ACTIVE
ACC001125,CUS000761,CREDIT,USD,2021-04-02,ACTIVE
ACC001126,CUS000762,CREDIT,PEN,2019-03-19,ACTIVE
ACC001127,CUS000762,CHECKING,PEN,2018-08-30,ACTIVE
ACC001128,CUS000763,CHECKING,USD,2022-07-27,ACTIVE
ACC001129,CUS000764,CREDIT,USD,2026-02-22,ACTIVE
ACC001130,CUS000764,CHECKING,PEN,2022-11-21,ACTIVE
ACC001131,CUS000765,CHECKING,PEN,2025-01-20,ACTIVE
ACC001132,CUS000765,CREDIT,USD,2023-12-12,ACTIVE
ACC001133,CUS000766,CREDIT,USD,2023-04-04,ACTIVE
ACC001134,CUS000767,CREDIT,PEN,2021-10-05,ACTIVE
ACC001135,CUS000767,CHECKING,USD,2021-11-22,ACTIVE
ACC001136,CUS000768,CREDIT,PEN,2019-10-02,ACTIVE
ACC001137,CUS000768,CHECKING,PEN,2021-02-09,CLOSED
ACC001138,CUS000769,CHECKING,PEN,2025-06-12,ACTIVE
ACC001139,CUS000769,SAVINGS,PEN,2025-02-14,ACTIVE
ACC001140,CUS000770,SAVINGS,USD,2025-04-18,ACTIVE
ACC001141,CUS000770,SAVINGS,USD,2025-07-03,ACTIVE
ACC001142,CUS000771,CHECKING,PEN,2024-10-20,ACTIVE
ACC001143,CUS000772,SAVINGS,USD,2021-01-17,DORMANT
ACC001144,CUS000773,CHECKING,PEN,2022-10-24,ACTIVE
ACC001145,CUS000774,SAVINGS,USD,2023-10-18,ACTIVE
ACC001146,CUS000774,CHECKING,USD,2025-05-15,ACTIVE
ACC001147,CUS000775,SAVINGS,PEN,2022-01-20,CLOSED
ACC001148,CUS000775,CHECKING,PEN,2022-05-09,ACTIVE
ACC001149,CUS000776,SAVINGS,USD,2019-01-27,ACTIVE
ACC001150,CUS000776,CHECKING,PEN,2019-02-27,CLOSED
ACC001151,CUS000777,CREDIT,USD,2020-02-15,ACTIVE
ACC001152,CUS000778,CREDIT,USD,2018-12-26,ACTIVE
ACC001153,CUS000779,CREDIT,PEN,2023-01-18,ACTIVE
ACC001154,CUS000780,SAVINGS,USD,2020-08-15,ACTIVE
ACC001155,CUS000780,CHECKING,PEN,2023-11-17,ACTIVE
ACC001156,CUS000781,SAVINGS,PEN,2019-08-09,ACTIVE
ACC001157,CUS000781,SAVINGS,PEN,2023-03-29,ACTIVE
ACC001158,CUS000782,SAVINGS,PEN,2024-07-10,ACTIVE
ACC001159,CUS000783,SAVINGS,PEN,2025-02-12,ACTIVE
ACC001160,CUS000784,CHECKING,USD,2021-03-27,ACTIVE
ACC001161,CUS000785,SAVINGS,PEN,2023-02-10,ACTIVE
ACC001162,CUS000785,CHECKING,PEN,2021-10-04,ACTIVE
ACC001163,CUS000786,SAVINGS,USD,2022-08-19,ACTIVE
ACC001164,CUS000786,SAVINGS,USD,2019-07-29,ACTIVE
ACC001165,CUS000787,CREDIT,PEN,2025-11-09,ACTIVE
ACC001166,CUS000788,SAVINGS,USD,2021-02-05,ACTIVE
ACC001167,CUS000788,SAVINGS,PEN,2021-06-18,ACTIVE
ACC001168,CUS000789,CHECKING,USD,2020-05-11,ACTIVE
ACC001169,CUS000789,CHECKING,USD,2026-05-17,ACTIVE
ACC001170,CUS000790,CREDIT,USD,2019-07-24,CLOSED
ACC001171,CUS000790,SAVINGS,USD,2020-12-01,ACTIVE
ACC001172,CUS000791,CREDIT,PEN,2025-08-04,ACTIVE
ACC001173,CUS000791,CHECKING,PEN,2026-07-18,ACTIVE
ACC001174,CUS000792,CHECKING,USD,2018-10-12,CLOSED
ACC001175,CUS000793,CREDIT,PEN,2020-11-15,ACTIVE
ACC001176,CUS000794,SAVINGS,PEN,2019-02-07,ACTIVE
ACC001177,CUS000795,SAVINGS,PEN,2026-02-21,ACTIVE
ACC001178,CUS000795,CREDIT,PEN,2026-01-27,ACTIVE
ACC001179,CUS000796,CHECKING,USD,2024-08-01,ACTIVE
ACC001180,CUS000797,SAVINGS,PEN,2022-01-08,CLOSED
ACC001181,CUS000798,SAVINGS,PEN,2019-09-21,ACTIVE
ACC001182,CUS000799,CHECKING,PEN,2022-09-22,ACTIVE
ACC001183,CUS000799,CREDIT,PEN,2021-11-28,ACTIVE
ACC001184,CUS000800,CHECKING,PEN,2025-03-02,ACTIVE
ACC001185,CUS000800,CHECKING,USD,2024-03-20,ACTIVE
ACC001186,CUS000801,CHECKING,PEN,2023-11-30,ACTIVE
ACC001187,CUS000802,SAVINGS,USD,2022-03-16,ACTIVE
ACC001188,CUS000802,CREDIT,USD,2026-03-19,ACTIVE
ACC001189,CUS000803,CHECKING,USD,2022-11-01,ACTIVE
ACC001190,CUS000803,SAVINGS,PEN,2025-12-05,ACTIVE
ACC001191,CUS000804,SAVINGS,USD,2023-04-25,ACTIVE
ACC001192,CUS000805,CHECKING,PEN,2021-05-08,ACTIVE
ACC001193,CUS000806,CREDIT,PEN,2025-05-30,ACTIVE
ACC001194,CUS000806,CREDIT,PEN,2022-01-26,ACTIVE
ACC001195,CUS000807,CREDIT,USD,2023-05-25,ACTIVE
ACC001196,CUS000807,CREDIT,PEN,2023-09-19,ACTIVE
ACC001197,CUS000808,CREDIT,USD,2026-01-16,ACTIVE
ACC001198,CUS000808,CHECKING,USD,2018-11-11,ACTIVE
ACC001199,CUS000809,CHECKING,PEN,2021-06-15,ACTIVE
ACC001200,CUS000809,CHECKING,USD,2026-03-22,ACTIVE
ACC001201,CUS000810,CREDIT,USD,2022-09-03,ACTIVE
ACC001202,CUS000810,CHECKING,PEN,2026-05-24,ACTIVE
ACC001203,CUS000811,CHECKING,USD,2023-06-24,ACTIVE
ACC001204,CUS000812,CHECKING,PEN,2020-12-10,ACTIVE
ACC001205,CUS000813,CHECKING,USD,2026-06-09,ACTIVE
ACC001206,CUS000813,CHECKING,PEN,2025-03-08,ACTIVE
ACC001207,CUS000814,CHECKING,USD,2020-06-04,ACTIVE
ACC001208,CUS000814,CREDIT,USD,2025-07-01,ACTIVE
ACC001209,CUS000815,CREDIT,USD,2019-11-04,ACTIVE
ACC001210,CUS000816,SAVINGS,USD,2020-04-21,ACTIVE
ACC001211,CUS000816,CHECKING,PEN,2025-09-22,CLOSED
ACC001212,CUS000817,SAVINGS,USD,2023-08-31,ACTIVE
ACC001213,CUS000817,CREDIT,PEN,2024-05-25,ACTIVE
ACC001214,CUS000818,CHECKING,USD,2021-12-22,ACTIVE
ACC001215,CUS000818,CHECKING,USD,2023-05-10,ACTIVE
ACC001216,CUS000819,CHECKING,PEN,2021-01-14,CLOSED
ACC001217,CUS000820,CREDIT,USD,2024-04-10,ACTIVE
ACC001218,CUS000820,CHECKING,PEN,2022-02-18,ACTIVE
ACC001219,CUS000821,CHECKING,PEN,2024-06-21,ACTIVE
ACC001220,CUS000821,CHECKING,USD,2021-03-09,ACTIVE
ACC001221,CUS000822,CREDIT,PEN,2022-11-27,DORMANT
ACC001222,CUS000823,SAVINGS,USD,2024-07-07,ACTIVE
ACC001223,CUS000824,SAVINGS,USD,2026-07-24,ACTIVE
ACC001224,CUS000825,CREDIT,PEN,2020-09-06,ACTIVE
ACC001225,CUS000825,CHECKING,USD,2024-06-01,ACTIVE
ACC001226,CUS000826,SAVINGS,USD,2023-05-23,ACTIVE
ACC001227,CUS000827,CREDIT,PEN,2021-03-28,ACTIVE
ACC001228,CUS000828,CREDIT,PEN,2021-06-01,ACTIVE
ACC001229,CUS000828,CHECKING,USD,2025-09-14,CLOSED
ACC001230,CUS000829,CHECKING,USD,2025-07-07,ACTIVE
ACC001231,CUS000830,SAVINGS,USD,2019-07-09,ACTIVE
ACC001232,CUS000831,SAVINGS,PEN,2025-09-10,ACTIVE
ACC001233,CUS000832,SAVINGS,USD,2020-09-27,ACTIVE
ACC001234,CUS000833,CREDIT,USD,2024-09-22,ACTIVE
ACC001235,CUS000833,CREDIT,PEN,2022-05-11,ACTIVE
ACC001236,CUS000834,SAVINGS,PEN,2019-01-16,ACTIVE
ACC001237,CUS000834,CREDIT,USD,2020-02-27,ACTIVE
ACC001238,CUS000835,CHECKING,USD,2025-01-22,ACTIVE
ACC001239,CUS000836,CREDIT,PEN,2023-01-20,ACTIVE
ACC001240,CUS000837,CHECKING,PEN,2019-12-20,ACTIVE
ACC001241,CUS000837,CHECKING,USD,2020-10-11,ACTIVE
ACC001242,CUS000838,CREDIT,PEN,2026-02-26,CLOSED
ACC001243,CUS000838,CREDIT,USD,2020-08-02,ACTIVE
ACC001244,CUS000839,CHECKING,USD,2026-07-21,ACTIVE
ACC001245,CUS000839,SAVINGS,PEN,2018-11-23,ACTIVE
ACC001246,CUS000840,CREDIT,PEN,2019-03-07,CLOSED
ACC001247,CUS000841,CREDIT,USD,2018-11-21,ACTIVE
ACC001248,CUS000841,CHECKING,PEN,2021-11-24,ACTIVE
ACC001249,CUS000842,CREDIT,USD,2023-10-03,ACTIVE
ACC001250,CUS000842,CREDIT,USD,2018-12-18,ACTIVE
ACC001251,CUS000843,CHECKING,USD,2023-01-29,ACTIVE
ACC001252,CUS000843,SAVINGS,USD,2019-09-21,ACTIVE
ACC001253,CUS000844,SAVINGS,USD,2025-03-31,ACTIVE
ACC001254,CUS000844,SAVINGS,PEN,2022-05-27,ACTIVE
ACC001255,CUS000845,CREDIT,PEN,2021-06-16,ACTIVE
ACC001256,CUS000846,CHECKING,PEN,2022-01-20,ACTIVE
ACC001257,CUS000847,CREDIT,PEN,2023-06-07,ACTIVE
ACC001258,CUS000847,CHECKING,PEN,2020-05-14,ACTIVE
ACC001259,CUS000848,CHECKING,PEN,2026-05-07,ACTIVE
ACC001260,CUS000848,SAVINGS,USD,2021-02-25,CLOSED
ACC001261,CUS000849,SAVINGS,PEN,2020-05-23,ACTIVE
ACC001262,CUS000850,SAVINGS,USD,2020-04-27,ACTIVE
ACC001263,CUS000850,CREDIT,PEN,2025-07-28,ACTIVE
ACC001264,CUS000851,CHECKING,USD,2019-10-26,ACTIVE
ACC001265,CUS000852,CHECKING,USD,2019-06-28,ACTIVE
ACC001266,CUS000853,SAVINGS,USD,2026-01-25,ACTIVE
ACC001267,CUS000854,CREDIT,USD,2022-09-10,ACTIVE
ACC001268,CUS000855,CHECKING,PEN,2020-05-11,ACTIVE
ACC001269,CUS000855,CHECKING,USD,2019-01-23,ACTIVE
ACC001270,CUS000856,SAVINGS,USD,2024-01-18,ACTIVE
ACC001271,CUS000857,SAVINGS,USD,2026-02-06,ACTIVE
ACC001272,CUS000857,CREDIT,PEN,2021-08-03,ACTIVE
ACC001273,CUS000858,CHECKING,USD,2020-02-15,ACTIVE
ACC001274,CUS000859,SAVINGS,PEN,2020-11-22,DORMANT
ACC001275,CUS000859,CREDIT,PEN,2025-01-17,ACTIVE
ACC001276,CUS000860,SAVINGS,USD,2022-02-05,ACTIVE
ACC001277,CUS000861,CREDIT,PEN,2019-11-23,ACTIVE
ACC001278,CUS000861,CREDIT,USD,2024-01-25,ACTIVE
ACC001279,CUS000862,CHECKING,PEN,2021-02-23,ACTIVE
ACC001280,CUS000862,SAVINGS,USD,2024-06-15,ACTIVE
ACC001281,CUS000863,CREDIT,PEN,2025-06-11,ACTIVE
ACC001282,CUS000864,CREDIT,PEN,2019-08-13,DORMANT
ACC001283,CUS000865,CHECKING,USD,2023-09-14,ACTIVE
ACC001284,CUS000866,CREDIT,PEN,2022-08-27,ACTIVE
ACC001285,CUS000866,CREDIT,USD,2019-12-08,ACTIVE
ACC001286,CUS000867,CREDIT,USD,2021-05-19,ACTIVE
ACC001287,CUS000867,SAVINGS,USD,2025-08-27,ACTIVE
ACC001288,CUS000868,CHECKING,PEN,2022-09-01,ACTIVE
ACC001289,CUS000869,CREDIT,PEN,2021-06-07,ACTIVE
ACC001290,CUS000870,SAVINGS,PEN,2021-07-28,CLOSED
ACC001291,CUS000870,CREDIT,USD,2025-11-08,ACTIVE
ACC001292,CUS000871,SAVINGS,USD,2018-10-01,ACTIVE
ACC001293,CUS000872,CREDIT,USD,2024-07-30,CLOSED
ACC001294,CUS000873,CHECKING,USD,2024-05-15,ACTIVE
ACC001295,CUS000874,CHECKING,USD,2025-03-14,ACTIVE
ACC001296,CUS000875,SAVINGS,PEN,2026-04-18,ACTIVE
ACC001297,CUS000875,CREDIT,PEN,2025-07-30,ACTIVE
ACC001298,CUS000876,SAVINGS,PEN,2022-06-02,ACTIVE
ACC001299,CUS000877,CHECKING,USD,2023-01-10,ACTIVE
ACC001300,CUS000877,SAVINGS,PEN,2021-02-10,ACTIVE
ACC001301,CUS000878,CHECKING,USD,2019-12-14,ACTIVE
ACC001302,CUS000879,SAVINGS,PEN,2024-05-02,ACTIVE
ACC001303,CUS000879,SAVINGS,USD,2022-03-14,CLOSED
ACC001304,CUS000880,CHECKING,USD,2024-02-15,ACTIVE
ACC001305,CUS000880,SAVINGS,PEN,2021-08-10,ACTIVE
ACC001306,CUS000881,CREDIT,PEN,2020-10-04,CLOSED
ACC001307,CUS000882,CREDIT,USD,2018-12-03,ACTIVE
ACC001308,CUS000882,SAVINGS,PEN,2022-02-07,ACTIVE
ACC001309,CUS000883,SAVINGS,USD,2025-05-01,ACTIVE
ACC001310,CUS000883,CREDIT,PEN,2020-08-04,ACTIVE
ACC001311,CUS000884,CREDIT,PEN,2020-06-14,ACTIVE
ACC001312,CUS000885,CHECKING,PEN,2025-01-31,DORMANT
ACC001313,CUS000886,CREDIT,PEN,2020-06-06,ACTIVE
ACC001314,CUS000886,SAVINGS,USD,2023-11-18,ACTIVE
ACC001315,CUS000887,CREDIT,USD,2024-05-21,ACTIVE
ACC001316,CUS000887,SAVINGS,PEN,2026-02-12,ACTIVE
ACC001317,CUS000888,SAVINGS,PEN,2023-05-24,ACTIVE
ACC001318,CUS000889,CREDIT,PEN,2025-07-07,ACTIVE
ACC001319,CUS000890,SAVINGS,PEN,2024-10-06,ACTIVE
ACC001320,CUS000890,CHECKING,PEN,2021-11-27,ACTIVE
ACC001321,CUS000891,CREDIT,PEN,2019-10-27,ACTIVE
ACC001322,CUS000891,CHECKING,USD,2022-12-31,ACTIVE
ACC001323,CUS000892,CREDIT,USD,2023-02-21,ACTIVE
ACC001324,CUS000893,CHECKING,USD,2024-04-15,DORMANT
ACC001325,CUS000894,CHECKING,PEN,2025-05-06,DORMANT
ACC001326,CUS000894,CREDIT,PEN,2023-08-30,ACTIVE
ACC001327,CUS000895,SAVINGS,PEN,2024-07-14,ACTIVE
ACC001328,CUS000896,CHECKING,USD,2024-12-20,DORMANT
ACC001329,CUS000897,SAVINGS,USD,2023-02-16,ACTIVE
ACC001330,CUS000898,CREDIT,USD,2020-12-18,ACTIVE
ACC001331,CUS000899,CHECKING,USD,2023-02-25,ACTIVE
ACC001332,CUS000900,SAVINGS,PEN,2021-09-08,ACTIVE
ACC001333,CUS000900,SAVINGS,PEN,2024-09-24,ACTIVE
ACC001334,CUS000901,CHECKING,USD,2021-09-27,ACTIVE
ACC001335,CUS000902,CHECKING,PEN,2019-12-20,ACTIVE
ACC001336,CUS000902,CREDIT,PEN,2024-04-03,ACTIVE
ACC001337,CUS000903,CHECKING,PEN,2023-05-23,CLOSED
ACC001338,CUS000903,CHECKING,USD,2021-05-03,ACTIVE
ACC001339,CUS000904,CREDIT,USD,2022-02-22,ACTIVE
ACC001340,CUS000904,CREDIT,USD,2026-03-07,ACTIVE
ACC001341,CUS000905,SAVINGS,PEN,2022-12-28,DORMANT
ACC001342,CUS000905,SAVINGS,PEN,2019-03-01,ACTIVE
ACC001343,CUS000906,SAVINGS,PEN,2024-05-21,ACTIVE
ACC001344,CUS000907,SAVINGS,USD,2023-11-30,ACTIVE
ACC001345,CUS000907,SAVINGS,PEN,2023-06-26,ACTIVE
ACC001346,CUS000908,CHECKING,PEN,2018-12-19,ACTIVE
ACC001347,CUS000909,SAVINGS,USD,2021-11-23,ACTIVE
ACC001348,CUS000909,SAVINGS,USD,2024-08-20,ACTIVE
ACC001349,CUS000910,CREDIT,USD,2019-03-02,ACTIVE
ACC001350,CUS000910,CHECKING,PEN,2018-10-04,ACTIVE
ACC001351,CUS000911,CREDIT,USD,2019-08-24,ACTIVE
ACC001352,CUS000911,CREDIT,PEN,2025-03-06,ACTIVE
ACC001353,CUS000912,CREDIT,PEN,2023-10-26,ACTIVE
ACC001354,CUS000913,SAVINGS,PEN,2018-12-05,ACTIVE
ACC001355,CUS000913,SAVINGS,PEN,2026-02-03,ACTIVE
ACC001356,CUS000914,SAVINGS,USD,2020-08-22,ACTIVE
ACC001357,CUS000914,CHECKING,PEN,2023-07-21,ACTIVE
ACC001358,CUS000915,SAVINGS,USD,2023-12-01,ACTIVE
ACC001359,CUS000915,SAVINGS,USD,2026-03-30,DORMANT
ACC001360,CUS000916,CREDIT,USD,2019-03-25,DORMANT
ACC001361,CUS000916,SAVINGS,PEN,2022-11-22,ACTIVE
ACC001362,CUS000917,SAVINGS,PEN,2018-09-26,ACTIVE
ACC001363,CUS000918,CREDIT,PEN,2025-06-21,ACTIVE
ACC001364,CUS000918,CHECKING,PEN,2026-06-29,ACTIVE
ACC001365,CUS000919,CHECKING,PEN,2019-11-23,ACTIVE
ACC001366,CUS000919,SAVINGS,USD,2021-02-27,ACTIVE
ACC001367,CUS000920,SAVINGS,PEN,2025-08-05,ACTIVE
ACC001368,CUS000921,CREDIT,USD,2023-10-08,ACTIVE
ACC001369,CUS000921,SAVINGS,USD,2020-04-21,ACTIVE
ACC001370,CUS000922,SAVINGS,PEN,2023-10-17,DORMANT
ACC001371,CUS000923,SAVINGS,USD,2019-12-08,ACTIVE
ACC001372,CUS000923,SAVINGS,USD,2025-05-30,ACTIVE
ACC001373,CUS000924,CHECKING,USD,2022-03-25,CLOSED
ACC001374,CUS000925,CREDIT,USD,2023-11-29,ACTIVE
ACC001375,CUS000925,CHECKING,USD,2021-06-20,ACTIVE
ACC001376,CUS000926,SAVINGS,USD,2021-04-20,ACTIVE
ACC001377,CUS000927,SAVINGS,USD,2020-01-09,ACTIVE
ACC001378,CUS000928,CHECKING,USD,2023-02-23,ACTIVE
ACC001379,CUS000928,SAVINGS,PEN,2020-05-08,ACTIVE
ACC001380,CUS000929,SAVINGS,PEN,2021-10-06,ACTIVE
ACC001381,CUS000930,CREDIT,USD,2022-01-05,DORMANT
ACC001382,CUS000931,CREDIT,PEN,2021-06-05,CLOSED
ACC001383,CUS000931,SAVINGS,USD,2022-08-15,ACTIVE
ACC001384,CUS000932,SAVINGS,PEN,2024-04-24,ACTIVE
ACC001385,CUS000933,CREDIT,PEN,2022-05-04,ACTIVE
ACC001386,CUS000933,CHECKING,USD,2020-11-03,ACTIVE
ACC001387,CUS000934,SAVINGS,USD,2021-12-25,ACTIVE
ACC001388,CUS000935,CREDIT,PEN,2023-06-03,DORMANT
ACC001389,CUS000936,CREDIT,PEN,2020-02-26,CLOSED
ACC001390,CUS000937,CREDIT,PEN,2019-05-04,CLOSED
ACC001391,CUS000937,CREDIT,PEN,2024-05-16,ACTIVE
ACC001392,CUS000938,CREDIT,USD,2025-04-21,ACTIVE
ACC001393,CUS000938,SAVINGS,USD,2022-02-18,ACTIVE
ACC001394,CUS000939,SAVINGS,PEN,2025-06-11,ACTIVE
ACC001395,CUS000939,CHECKING,PEN,2020-05-30,ACTIVE
ACC001396,CUS000940,CHECKING,USD,2020-12-16,ACTIVE
ACC001397,CUS000940,CREDIT,PEN,2019-04-14,ACTIVE
ACC001398,CUS000941,CHECKING,USD,2019-07-05,ACTIVE
ACC001399,CUS000942,CREDIT,USD,2025-10-27,ACTIVE
ACC001400,CUS000943,SAVINGS,USD,2021-06-04,ACTIVE
ACC001401,CUS000943,CHECKING,PEN,2026-04-18,ACTIVE
ACC001402,CUS000944,CHECKING,USD,2019-11-17,ACTIVE
ACC001403,CUS000944,SAVINGS,PEN,2023-01-20,ACTIVE
ACC001404,CUS000945,SAVINGS,USD,2024-11-24,ACTIVE
ACC001405,CUS000945,SAVINGS,USD,2025-03-23,ACTIVE
ACC001406,CUS000946,SAVINGS,PEN,2018-09-10,ACTIVE
ACC001407,CUS000947,CREDIT,USD,2018-10-03,ACTIVE
ACC001408,CUS000947,CREDIT,USD,2024-05-10,DORMANT
ACC001409,CUS000948,CHECKING,PEN,2022-07-13,ACTIVE
ACC001410,CUS000949,CREDIT,PEN,2019-08-01,ACTIVE
ACC001411,CUS000950,CHECKING,PEN,2024-03-29,ACTIVE
ACC001412,CUS000951,SAVINGS,USD,2025-06-15,ACTIVE
ACC001413,CUS000952,CHECKING,USD,2026-07-27,CLOSED
ACC001414,CUS000953,CREDIT,PEN,2024-01-11,DORMANT
ACC001415,CUS000954,CREDIT,PEN,2024-04-27,ACTIVE
ACC001416,CUS000954,SAVINGS,USD,2022-04-30,ACTIVE
ACC001417,CUS000955,CREDIT,USD,2022-08-01,ACTIVE
ACC001418,CUS000955,CHECKING,PEN,2021-07-21,ACTIVE
ACC001419,CUS000956,CHECKING,USD,2021-11-21,ACTIVE
ACC001420,CUS000956,SAVINGS,USD,2022-06-26,ACTIVE
ACC001421,CUS000957,CHECKING,USD,2022-02-25,ACTIVE
ACC001422,CUS000958,SAVINGS,USD,2022-02-20,ACTIVE
ACC001423,CUS000958,CREDIT,USD,2021-01-11,ACTIVE
ACC001424,CUS000959,SAVINGS,USD,2024-09-09,ACTIVE
ACC001425,CUS000959,CREDIT,PEN,2021-12-29,ACTIVE
ACC001426,CUS000960,CREDIT,USD,2023-10-22,ACTIVE
ACC001427,CUS000960,SAVINGS,PEN,2022-10-21,ACTIVE
ACC001428,CUS000961,CREDIT,USD,2025-11-03,ACTIVE
ACC001429,CUS000962,SAVINGS,PEN,2019-05-08,ACTIVE
ACC001430,CUS000962,CREDIT,PEN,2023-11-23,ACTIVE
ACC001431,CUS000963,CREDIT,USD,2018-11-30,ACTIVE
ACC001432,CUS000963,SAVINGS,USD,2022-12-28,ACTIVE
ACC001433,CUS000964,SAVINGS,USD,2024-05-19,ACTIVE
ACC001434,CUS000964,SAVINGS,USD,2025-10-29,ACTIVE
ACC001435,CUS000965,CREDIT,PEN,2020-04-13,ACTIVE
ACC001436,CUS000966,CREDIT,USD,2019-11-28,ACTIVE
ACC001437,CUS000967,CHECKING,USD,2019-02-19,ACTIVE
ACC001438,CUS000967,CREDIT,PEN,2023-12-12,ACTIVE
ACC001439,CUS000968,CHECKING,USD,2025-01-08,ACTIVE
ACC001440,CUS000969,CREDIT,USD,2020-06-28,ACTIVE
ACC001441,CUS000969,SAVINGS,USD,2021-08-17,ACTIVE
ACC001442,CUS000970,CREDIT,PEN,2020-10-05,ACTIVE
ACC001443,CUS000971,CREDIT,PEN,2022-12-24,ACTIVE
ACC001444,CUS000972,CHECKING,PEN,2025-02-02,ACTIVE
ACC001445,CUS000972,SAVINGS,USD,2022-01-25,ACTIVE
ACC001446,CUS000973,SAVINGS,PEN,2025-05-19,ACTIVE
ACC001447,CUS000973,CHECKING,USD,2021-02-20,ACTIVE
ACC001448,CUS000974,CREDIT,USD,2025-04-25,ACTIVE
ACC001449,CUS000975,CREDIT,PEN,2022-07-22,ACTIVE
ACC001450,CUS000976,SAVINGS,USD,2026-01-26,ACTIVE
ACC001451,CUS000976,CHECKING,USD,2021-11-05,ACTIVE
ACC001452,CUS000977,CREDIT,PEN,2023-10-30,DORMANT
ACC001453,CUS000977,CREDIT,USD,2024-11-03,ACTIVE
ACC001454,CUS000978,CHECKING,PEN,2020-01-08,ACTIVE
ACC001455,CUS000979,SAVINGS,USD,2021-12-26,DORMANT
ACC001456,CUS000979,CREDIT,PEN,2024-06-30,DORMANT
ACC001457,CUS000980,CREDIT,USD,2021-05-07,ACTIVE
ACC001458,CUS000981,SAVINGS,PEN,2026-04-10,ACTIVE
ACC001459,CUS000982,CHECKING,USD,2019-02-27,ACTIVE
ACC001460,CUS000982,CREDIT,USD,2021-03-03,ACTIVE
ACC001461,CUS000983,CREDIT,USD,2021-06-06,DORMANT
ACC001462,CUS000984,CHECKING,PEN,2019-04-10,ACTIVE
ACC001463,CUS000984,SAVINGS,PEN,2021-05-08,ACTIVE
ACC001464,CUS000985,SAVINGS,USD,2019-07-06,ACTIVE
ACC001465,CUS000985,CHECKING,USD,2025-04-30,ACTIVE
ACC001466,CUS000986,CREDIT,USD,2024-01-04,ACTIVE
ACC001467,CUS000986,CREDIT,PEN,2022-04-26,ACTIVE
ACC001468,CUS000987,CREDIT,PEN,2019-12-15,ACTIVE
ACC001469,CUS000988,SAVINGS,PEN,2024-09-06,ACTIVE
ACC001470,CUS000988,SAVINGS,PEN,2023-08-11,ACTIVE
ACC001471,CUS000989,SAVINGS,USD,2025-08-16,ACTIVE
ACC001472,CUS000990,CHECKING,USD,2023-05-03,CLOSED
ACC001473,CUS000990,CHECKING,PEN,2022-12-03,ACTIVE
ACC001474,CUS000991,CHECKING,USD,2021-02-10,ACTIVE
ACC001475,CUS000991,CREDIT,USD,2019-09-09,ACTIVE
ACC001476,CUS000992,CREDIT,USD,2023-03-05,ACTIVE
ACC001477,CUS000993,CHECKING,USD,2018-12-20,ACTIVE
ACC001478,CUS000993,SAVINGS,USD,2019-04-05,ACTIVE
ACC001479,CUS000994,CREDIT,PEN,2025-07-17,ACTIVE
ACC001480,CUS000995,CREDIT,PEN,2021-09-27,ACTIVE
ACC001481,CUS000995,CHECKING,PEN,2026-07-27,ACTIVE
ACC001482,CUS000996,CHECKING,PEN,2026-04-27,ACTIVE
ACC001483,CUS000997,CREDIT,USD,2025-09-11,ACTIVE
ACC001484,CUS000998,SAVINGS,PEN,2025-05-02,ACTIVE
ACC001485,CUS000998,CREDIT,USD,2019-12-21,ACTIVE
ACC001486,CUS000999,CREDIT,PEN,2021-12-07,ACTIVE
ACC001487,CUS000999,CREDIT,PEN,2024-12-06,ACTIVE
ACC001488,CUS001000,SAVINGS,USD,2023-05-27,ACTIVE
ACC001489,CUS001000,CHECKING,PEN,2020-11-04,ACTIVE
