customer_id,name,document_type,document_number,segment,birth_date,status
CUS000001,Lilia Sáez Lillo,RUC,12548072,PRIVATE_BANKING,1985-05-17,ACTIVE
CUS000002,Alma de Araujo,CE,39944533,SME,1993-01-17,ACTIVE
CUS000003,Rodolfo Comas Gallart,DNI,95677825,CORPORATE,1986-12-15,ACTIVE
CUS000004,Paco Ledesma Vega,DNI,48591379,RETAIL,1966-05-13,ACTIVE
CUS000005,Perlita Ribas Miralles,RUC,28805078,SME,1970-01-25,ACTIVE
CUS000006,Ainoa del Caballero,PASSPORT,87715724,RETAIL,1996-04-21,ACTIVE
CUS000007,Nydia Valencia Guillen,PASSPORT,99243282,CORPORATE,1943-09-13,ACTIVE
CUS000008,Yago Taboada Beltrán,PASSPORT,11570542,PRIVATE_BANKING,1999-08-13,INACTIVE
CUS000009,Yolanda Borrell,PASSPORT,67751246,SME,1989-01-22,ACTIVE
CUS000010,Valentín Gomila-Cervantes,CE,79402815,RETAIL,1962-04-14,ACTIVE
CUS000011,Claudia Gras Jurado,DNI,54113616,CORPORATE,2004-03-25,ACTIVE
CUS000012,Jose Francisco Giralt Caballero,CE,12505355,RETAIL,1955-07-20,ACTIVE
CUS000013,Ricarda Almansa Solera,PASSPORT,95467585,CORPORATE,1981-10-27,ACTIVE
CUS000014,Fabián Riquelme Sevillano,DNI,10088771,RETAIL,1998-12-30,ACTIVE
CUS000015,Teo Agullo Viña,RUC,73470099,PRIVATE_BANKING,1992-11-04,ACTIVE
CUS000016,Conrado Bermúdez Ortuño,CE,73666139,RETAIL,1951-07-19,ACTIVE
CUS000017,Urbano Albero Aragonés,RUC,66384996,SME,2002-06-30,ACTIVE
CUS000018,Yolanda del Grande,DNI,65123037,SME,1985-05-20,ACTIVE
CUS000019,Eric Céspedes Marcos,CE,92878859,PRIVATE_BANKING,1975-03-03,ACTIVE
CUS000020,Buenaventura Rueda Herranz,PASSPORT,79203489,SME,1960-12-22,ACTIVE
CUS000021,Omar Tejera Uría,RUC,37544387,CORPORATE,1964-05-08,ACTIVE
CUS000022,Elodia Piedad Salvà Sandoval,RUC,31849691,SME,1946-12-05,ACTIVE
CUS000023,Mariano Planas Campo,CE,98387944,PRIVATE_BANKING,1946-04-25,INACTIVE
CUS000024,Natanael Ferrero Almansa,DNI,66012551,PRIVATE_BANKING,2005-09-29,ACTIVE
CUS000025,Trinidad Díez-Diego,CE,65883290,RETAIL,1964-12-04,ACTIVE
CUS000026,Esteban Torrecilla Taboada,PASSPORT,66785408,RETAIL,1988-01-11,ACTIVE
CUS000027,Marco Menéndez Vila,RUC,96633515,CORPORATE,1999-08-05,ACTIVE
CUS000028,Agustina Roldán Pagès,RUC,43902757,RETAIL,1947-03-09,ACTIVE
CUS000029,Dani Vizcaíno Cervantes,PASSPORT,89420385,RETAIL,1947-03-22,ACTIVE
CUS000030,Victor Iñiguez Franco,RUC,91267416,RETAIL,1979-03-23,ACTIVE
CUS000031,Ernesto Calzada Herranz,PASSPORT,84931921,RETAIL,1954-09-14,ACTIVE
CUS000032,Berta Girona Marí,PASSPORT,86010087,PRIVATE_BANKING,1956-11-06,ACTIVE
CUS000033,Fabricio Román Jurado,CE,69433625,SME,1980-01-12,ACTIVE
CUS000034,Fabián Alberdi Uría,CE,25629470,SME,1985-11-14,ACTIVE
CUS000035,Pili del Ros,DNI,23290241,CORPORATE,2003-10-18,ACTIVE
CUS000036,Cornelio Villar Arjona,PASSPORT,94683832,CORPORATE,1951-06-20,ACTIVE
CUS000037,Ramiro Mulet Mata,CE,68629494,CORPORATE,2000-04-16,INACTIVE
CUS000038,Ramona Bárbara Alfonso Ayala,PASSPORT,48876551,CORPORATE,1954-10-25,ACTIVE
CUS000039,Rosalina Noguera Cano,DNI,61517933,PRIVATE_BANKING,1955-09-19,ACTIVE
CUS000040,Aurelia Peñas,PASSPORT,60298039,RETAIL,1940-09-13,ACTIVE
CUS000041,Cayetana Huerta Sánchez,CE,26101471,CORPORATE,1989-10-07,ACTIVE
CUS000042,David Soriano Rivera,RUC,54830677,PRIVATE_BANKING,1995-06-05,ACTIVE
CUS000043,Nando Alvarez-Reig,CE,58096998,PRIVATE_BANKING,1954-03-02,ACTIVE
CUS000044,Tere Conde-Rivera,PASSPORT,56442928,RETAIL,1995-08-25,ACTIVE
CUS000045,Lola Elías Ruano,PASSPORT,64993703,RETAIL,1993-10-26,ACTIVE
CUS000046,Eliseo Torrens,RUC,48147405,RETAIL,1995-11-17,ACTIVE
CUS000047,Candelas Expósito Montesinos,CE,13406579,RETAIL,1994-12-22,ACTIVE
CUS000048,Imelda Barreda,RUC,96621420,SME,1988-12-26,BLOCKED
CUS000049,Gabriela Mascaró Garmendia,PASSPORT,78043737,RETAIL,1993-11-05,BLOCKED
CUS000050,Filomena Rocha Barroso,DNI,39546935,CORPORATE,1968-12-20,ACTIVE
CUS000051,Pilar Iriarte Borja,DNI,14972869,PRIVATE_BANKING,1950-11-07,ACTIVE
CUS000052,Baldomero Milla-Lopez,DNI,49130960,SME,2004-12-17,ACTIVE
CUS000053,Adelia Reyes-Cerezo,CE,94241713,SME,2005-05-01,ACTIVE
CUS000054,Ale Noguera Mena,PASSPORT,15937387,PRIVATE_BANKING,1973-11-21,ACTIVE
CUS000055,Leonardo Millán Pozo,RUC,79330811,RETAIL,1993-04-02,ACTIVE
CUS000056,Raquel Delfina Salas Vega,RUC,14796445,RETAIL,1972-10-14,ACTIVE
CUS000057,Rufino Nuñez Ferrando,RUC,14756229,SME,1978-03-21,ACTIVE
CUS000058,Osvaldo de Camacho,CE,10115475,PRIVATE_BANKING,1948-07-29,ACTIVE
CUS000059,Natalia Pombo Nieto,DNI,32023621,RETAIL,1947-05-23,ACTIVE
CUS000060,Graciela Alcázar Vicente,PASSPORT,32138202,SME,2004-01-06,ACTIVE
CUS000061,Remedios Vallejo Jover,PASSPORT,64049974,PRIVATE_BANKING,1950-03-09,ACTIVE
CUS000062,Aarón Sergio Belda Plana,RUC,29430773,CORPORATE,2004-10-10,ACTIVE
CUS000063,Leocadia Pastor Perera,PASSPORT,33326049,SME,2005-02-26,ACTIVE
CUS000064,Dionisio Carretero Mora,DNI,67257361,CORPORATE,1983-05-15,ACTIVE
CUS000065,Eva María Tomás Figuerola,CE,10929987,CORPORATE,1976-09-03,ACTIVE
CUS000066,Isabel Samper Salazar,DNI,69445952,RETAIL,1945-02-22,ACTIVE
CUS000067,Alba Quintero Palomares,RUC,50662176,SME,2007-06-17,ACTIVE
CUS000068,Antonia Bas Zorrilla,PASSPORT,70230751,SME,2005-06-16,ACTIVE
CUS000069,Gustavo Murillo Hidalgo,CE,68312343,SME,1970-09-22,ACTIVE
CUS000070,Alcides Castellanos Doménech,PASSPORT,58115563,RETAIL,2007-06-30,ACTIVE
CUS000071,Raúl Mate Vendrell,PASSPORT,79349670,CORPORATE,1988-10-19,ACTIVE
CUS000072,Samanta Arellano-Gimeno,DNI,99386324,SME,1979-07-27,INACTIVE
CUS000073,Arsenio Arco Valenzuela,DNI,32778758,PRIVATE_BANKING,1964-04-25,INACTIVE
CUS000074,Esteban Ferrando Terrón,PASSPORT,23684671,SME,1954-02-14,ACTIVE
CUS000075,Mauricio Gomila,RUC,47058481,RETAIL,1976-04-10,ACTIVE
CUS000076,Rosalva Arregui Portillo,CE,81279322,CORPORATE,1958-06-27,ACTIVE
CUS000077,Teófila Villalonga Ayllón,PASSPORT,85544012,CORPORATE,1948-06-05,ACTIVE
CUS000078,Alicia Aguiló Tena,DNI,88077284,RETAIL,2001-01-31,ACTIVE
CUS000079,Dimas Alcázar Cazorla,CE,94766787,RETAIL,1943-01-25,ACTIVE
CUS000080,Georgina Roig,RUC,98543808,RETAIL,1940-09-18,ACTIVE
CUS000081,Pepito Acedo Azcona,PASSPORT,83616673,CORPORATE,2003-01-17,INACTIVE
CUS000082,Victor Manuel Franco Navas,CE,41014283,RETAIL,1962-11-04,ACTIVE
CUS000083,Inmaculada Nogués Polo,PASSPORT,66496538,PRIVATE_BANKING,1969-03-09,ACTIVE
CUS000084,Flavio Luján-Durán,PASSPORT,98062208,SME,2003-04-15,ACTIVE
CUS000085,Lucio Zamora,PASSPORT,11793310,PRIVATE_BANKING,1952-12-16,ACTIVE
CUS000086,Paola Osuna Gámez,PASSPORT,45817805,PRIVATE_BANKING,1996-06-09,ACTIVE
CUS000087,Ismael Bermúdez Colom,CE,50085154,CORPORATE,1941-02-16,ACTIVE
CUS000088,Ruperto Modesto Flores Cases,DNI,13320707,CORPORATE,1963-01-19,ACTIVE
CUS000089,Rosa Domínguez Barral,RUC,59923865,RETAIL,1976-09-08,ACTIVE
CUS000090,Candela Lloret Palmer,PASSPORT,13618353,SME,1948-04-29,ACTIVE
CUS000091,Estefanía Lorena Lobato Carbajo,CE,32896424,CORPORATE,1946-03-05,ACTIVE
CUS000092,Cesar Sureda Cañas,CE,85961150,RETAIL,1985-12-10,ACTIVE
CUS000093,Aurelio Cuenca-Marqués,PASSPORT,53029690,PRIVATE_BANKING,2002-10-22,ACTIVE
CUS000094,Juliana Llorente,PASSPORT,79490080,CORPORATE,1975-12-12,BLOCKED
CUS000095,José Manuel Yuste Heras,RUC,60452086,RETAIL,2001-10-16,ACTIVE
CUS000096,Trini Maestre Moreno,DNI,91991746,RETAIL,1976-10-08,ACTIVE
CUS000097,Rufino Blasco Bayón,CE,13264531,RETAIL,1944-07-07,ACTIVE
CUS000098,Maximiano Casals Sáenz,RUC,29795479,SME,1986-09-03,ACTIVE
CUS000099,Pascuala Camps,DNI,95289909,CORPORATE,1970-04-07,ACTIVE
CUS000100,Leyre Leon,PASSPORT,13164483,RETAIL,1969-12-18,ACTIVE
CUS000101,Chucho Coronado-Guardia,PASSPORT,68967556,PRIVATE_BANKING,1977-12-14,ACTIVE
CUS000102,Pili Robledo Planas,RUC,96934070,CORPORATE,1978-09-12,ACTIVE
CUS000103,Morena Ferrándiz Lladó,CE,66474096,CORPORATE,1944-01-19,ACTIVE
CUS000104,Felipa de Rosa,CE,37168522,PRIVATE_BANKING,1948-05-27,BLOCKED
CUS000105,Débora Río Alegria,RUC,78402948,SME,1945-10-23,ACTIVE
CUS000106,Eustaquio Martín Arnaiz,CE,54018604,PRIVATE_BANKING,2008-06-10,ACTIVE
CUS000107,Faustino Santana Peral,CE,80178169,RETAIL,1964-02-08,ACTIVE
CUS000108,Jorge Lucas Amores,DNI,78166669,PRIVATE_BANKING,1984-01-07,ACTIVE
CUS000109,Sol Carla Donaire Marcos,PASSPORT,79001960,PRIVATE_BANKING,1951-10-07,ACTIVE
CUS000110,Lorenzo de Albero,DNI,30228575,SME,1966-01-09,ACTIVE
CUS000111,Felipe Nazaret Pintor Ferrera,RUC,17708612,CORPORATE,1994-02-01,ACTIVE
CUS000112,Jose Francisco Piquer-Peña,RUC,89091927,SME,1958-12-02,ACTIVE
CUS000113,Marcos Alcalá Garay,DNI,15522783,SME,1944-12-14,ACTIVE
CUS000114,Pablo Roura Coloma,RUC,15596934,CORPORATE,1942-04-24,ACTIVE
CUS000115,Olegario Vargas-Abascal,CE,50020772,RETAIL,1977-08-24,ACTIVE
CUS000116,Aroa Luque Alvarez,DNI,77704019,RETAIL,1983-11-13,ACTIVE
CUS000117,Isidoro Isaías Manuel Boix,RUC,14962544,SME,1942-12-08,ACTIVE
CUS000118,Luciana Castrillo Rivero,DNI,23025908,CORPORATE,1984-06-02,ACTIVE
CUS000119,Priscila Hervás Francisco,PASSPORT,46705105,CORPORATE,1997-01-29,ACTIVE
CUS000120,Isaías Vergara,PASSPORT,34729778,RETAIL,2002-04-09,ACTIVE
CUS000121,Santiago de Mosquera,PASSPORT,48182066,RETAIL,1987-02-01,ACTIVE
CUS000122,Brunilda Esteban Yáñez,DNI,98411486,CORPORATE,2006-02-19,INACTIVE
CUS000123,Zacarías Verdejo Prieto,CE,13527823,SME,1945-02-27,ACTIVE
CUS000124,José Ángel Rios-Pedraza,CE,60417461,PRIVATE_BANKING,1963-01-22,ACTIVE
CUS000125,Maximiano Saavedra,CE,92758890,PRIVATE_BANKING,1942-07-04,ACTIVE
CUS000126,Godofredo Gimeno Cepeda,PASSPORT,37646030,SME,1944-07-24,ACTIVE
CUS000127,Darío Sala Taboada,DNI,60674991,PRIVATE_BANKING,2003-09-05,ACTIVE
CUS000128,Rubén Cosme Cobo Martí,DNI,38807262,PRIVATE_BANKING,1992-09-15,ACTIVE
CUS000129,Samuel Alcolea,PASSPORT,59472509,RETAIL,1986-01-07,ACTIVE
CUS000130,Alejo Sans Tur,RUC,16849089,PRIVATE_BANKING,1974-12-16,ACTIVE
CUS000131,Olalla Amorós Caballero,PASSPORT,65695673,CORPORATE,1943-03-04,ACTIVE
CUS000132,Marcelino Pardo-Mayoral,DNI,56719528,PRIVATE_BANKING,1985-07-25,ACTIVE
CUS000133,Nayara Paredes Espinosa,PASSPORT,22767206,RETAIL,1959-04-03,ACTIVE
CUS000134,Noemí Vera,RUC,67619231,SME,1983-01-17,ACTIVE
CUS000135,Tecla Ortiz,RUC,88994745,PRIVATE_BANKING,1945-12-14,ACTIVE
CUS000136,Jovita Milagros Bueno Millán,PASSPORT,34780721,SME,1960-01-01,ACTIVE
CUS000137,Albert Álamo,RUC,97044083,RETAIL,2003-02-27,ACTIVE
CUS000138,Alberto Pardo Gutiérrez,RUC,67710633,SME,1997-11-25,ACTIVE
CUS000139,Felicidad Francisco Saavedra,DNI,33524475,CORPORATE,1966-03-14,ACTIVE
CUS000140,Cristian Vito Feijoo Cuervo,CE,69114928,RETAIL,1955-01-25,ACTIVE
CUS000141,Judith Alfonso Garmendia,CE,31582037,PRIVATE_BANKING,1975-07-19,ACTIVE
CUS000142,Salomé Juárez Pedrosa,CE,31354173,CORPORATE,1969-05-23,ACTIVE
CUS000143,Plácido Rozas Azcona,RUC,73612831,SME,1944-01-08,ACTIVE
CUS000144,Pili Eloísa Ribera Infante,RUC,52681536,SME,1969-12-12,ACTIVE
CUS000145,Félix Puerta Arnaiz,CE,64862498,PRIVATE_BANKING,1973-04-09,ACTIVE
CUS000146,Rufina Flavia Bustamante Alberola,RUC,38584407,SME,1967-02-02,ACTIVE
CUS000147,Inés Comas Tejero,RUC,71685628,SME,1992-12-15,ACTIVE
CUS000148,Rocío Solera-Peñas,PASSPORT,57736144,CORPORATE,1971-09-18,ACTIVE
CUS000149,Cirino Clemente Hurtado Riquelme,PASSPORT,26731952,PRIVATE_BANKING,1963-01-21,ACTIVE
CUS000150,Urbano Acosta Sola,CE,65080967,PRIVATE_BANKING,1984-10-03,ACTIVE
CUS000151,Faustino Carrera Díez,DNI,18946941,RETAIL,1969-11-23,ACTIVE
CUS000152,Íñigo del Bravo,PASSPORT,13464527,PRIVATE_BANKING,1960-12-02,ACTIVE
CUS000153,Cecilio Saez,DNI,17540886,CORPORATE,1986-08-01,ACTIVE
CUS000154,Cecilia Cuenca,CE,19024901,PRIVATE_BANKING,1987-03-06,ACTIVE
CUS000155,Josefina Sáez,CE,47016073,SME,1964-11-12,ACTIVE
CUS000156,Zoraida Susanita Roselló Monreal,DNI,46324448,SME,1953-03-21,ACTIVE
CUS000157,Silvestre Rebollo,PASSPORT,25697732,PRIVATE_BANKING,1951-03-23,ACTIVE
CUS000158,Sol Valcárcel Garcés,PASSPORT,86473006,CORPORATE,1971-09-14,ACTIVE
CUS000159,Venceslás Roca Segura,DNI,90348699,CORPORATE,2007-09-14,ACTIVE
CUS000160,Martina Morán Pagès,CE,41005969,SME,1994-10-24,BLOCKED
CUS000161,Cayetano Ibáñez Casanovas,RUC,43692780,CORPORATE,1993-09-23,ACTIVE
CUS000162,Teófilo de Reguera,DNI,76946893,RETAIL,1970-02-26,ACTIVE
CUS000163,Amílcar de Bueno,CE,53725696,CORPORATE,1994-05-25,ACTIVE
CUS000164,Emma Amigó,CE,97901831,CORPORATE,1967-03-03,ACTIVE
CUS000165,Alba Barbero Losada,PASSPORT,36111547,CORPORATE,1970-12-20,ACTIVE
CUS000166,Tania Cintia Bautista Viña,PASSPORT,97029537,CORPORATE,1978-04-05,ACTIVE
CUS000167,Sergio Checa Llorens,PASSPORT,22275948,RETAIL,1970-04-14,ACTIVE
CUS000168,Cándido Bello Lillo,CE,43549881,RETAIL,1989-06-30,ACTIVE
CUS000169,Toni Barceló Moll,DNI,96689298,CORPORATE,1976-04-06,INACTIVE
CUS000170,Virginia Lopez Macias,DNI,85836854,SME,1948-08-10,ACTIVE
CUS000171,Eugenio Carranza-Maldonado,PASSPORT,64095961,PRIVATE_BANKING,2002-11-09,ACTIVE
CUS000172,David Folch,DNI,62593577,SME,1961-08-23,INACTIVE
CUS000173,Dionisia Oliver Bravo,PASSPORT,49919948,PRIVATE_BANKING,2008-05-30,ACTIVE
CUS000174,Natanael Vallejo Fortuny,PASSPORT,53337362,SME,1995-10-21,ACTIVE
CUS000175,Paca Gordillo Mendoza,PASSPORT,14642704,RETAIL,1962-10-23,ACTIVE
CUS000176,Cleto Evaristo Vilar Miguel,RUC,66366383,RETAIL,1948-06-22,ACTIVE
CUS000177,Aurelia Pagès Bravo,RUC,12273191,CORPORATE,1984-09-30,INACTIVE
CUS000178,Edelmiro Batalla,CE,61699353,CORPORATE,1941-02-27,INACTIVE
CUS000179,Mohamed Parra Calderon,CE,52084643,RETAIL,1970-09-13,ACTIVE
CUS000180,Carmelita Ortuño Quintana,DNI,63256371,CORPORATE,1979-01-29,ACTIVE
CUS000181,Vicente Pou Cuenca,RUC,21183145,SME,1969-03-31,ACTIVE
CUS000182,Emma Puga Carmona,CE,45155444,SME,2001-12-21,ACTIVE
CUS000183,Mayte Feliciana Moraleda Gaya,CE,98004373,CORPORATE,1988-04-02,ACTIVE
CUS000184,Alexandra Azorin Salas,PASSPORT,93697073,PRIVATE_BANKING,1952-12-10,ACTIVE
CUS000185,Elisabet Segovia Alegria,PASSPORT,11776117,SME,1969-03-19,ACTIVE
CUS000186,Trinidad de Plaza,CE,22440142,PRIVATE_BANKING,1964-06-22,ACTIVE
CUS000187,Olalla del Tormo,RUC,83856837,PRIVATE_BANKING,1988-04-01,ACTIVE
CUS000188,Faustino Aragonés Cabello,CE,96629885,SME,2005-07-14,ACTIVE
CUS000189,Ramiro Puente Oliva,CE,33406890,PRIVATE_BANKING,1996-02-23,ACTIVE
CUS000190,Anna Franch Valero,PASSPORT,75147519,SME,1966-01-06,ACTIVE
CUS000191,Demetrio Guzman Jove,CE,58667604,PRIVATE_BANKING,1955-04-21,ACTIVE
CUS000192,Teresita Robles Morell,PASSPORT,91897597,RETAIL,1953-12-01,ACTIVE
CUS000193,Aurelio de Gual,RUC,48183752,RETAIL,1941-07-22,ACTIVE
CUS000194,Ángeles Torralba-Tolosa,PASSPORT,20867071,CORPORATE,1946-12-17,INACTIVE
CUS000195,Calixta Vallejo-Fernández,DNI,59214123,CORPORATE,1944-12-18,ACTIVE
CUS000196,Quirino Díaz Sotelo,CE,40668159,SME,1953-06-27,ACTIVE
CUS000197,Julieta Giner Uría,RUC,61222980,PRIVATE_BANKING,1985-03-10,ACTIVE
CUS000198,Gerardo Sánchez Hernandez,PASSPORT,23521883,PRIVATE_BANKING,1943-11-14,INACTIVE
CUS000199,Albina Maite Tur Luís,RUC,40195676,SME,1985-04-02,ACTIVE
CUS000200,Nilda Mena,RUC,31614590,RETAIL,1987-11-06,ACTIVE
CUS000201,María Pilar Palomino-Catalán,CE,95856640,PRIVATE_BANKING,1946-02-28,ACTIVE
CUS000202,Apolonia Flavia Nadal Arellano,PASSPORT,25356191,RETAIL,1992-11-20,ACTIVE
CUS000203,Danilo Colom Alegria,RUC,47349426,PRIVATE_BANKING,1993-01-18,ACTIVE
CUS000204,Leandra Bilbao Miralles,PASSPORT,48521760,PRIVATE_BANKING,1970-06-21,ACTIVE
CUS000205,Jenny Gomila Álvaro,RUC,32996822,SME,1947-07-05,ACTIVE
CUS000206,Candelaria Benavent Granados,RUC,88017334,PRIVATE_BANKING,1949-11-02,ACTIVE
CUS000207,Calixta Ortiz Carbó,CE,44696582,CORPORATE,1997-06-24,ACTIVE
CUS000208,Itziar Lobo Rodriguez,CE,32153560,PRIVATE_BANKING,1983-06-27,ACTIVE
CUS000209,Eloísa Tomas Acevedo,RUC,51034442,PRIVATE_BANKING,1951-10-06,ACTIVE
CUS000210,Carlota García Antón,RUC,51470847,RETAIL,2003-04-07,ACTIVE
CUS000211,Isidora Osorio-Donaire,CE,86941270,SME,1988-11-20,ACTIVE
CUS000212,Jaime Eutimio Velasco Duran,DNI,75609722,PRIVATE_BANKING,1953-07-16,ACTIVE
CUS000213,Anastasia Santiago-Maza,CE,41053576,PRIVATE_BANKING,1951-11-18,ACTIVE
CUS000214,Ximena Zorrilla Portero,CE,91293537,CORPORATE,2004-01-05,INACTIVE
CUS000215,Nazario Fabregat Feliu,DNI,15010807,PRIVATE_BANKING,1998-12-01,ACTIVE
CUS000216,Jose Ignacio Piñeiro Ferrando,CE,84211384,RETAIL,1984-03-01,ACTIVE
CUS000217,David Solana Castellanos,CE,40944657,RETAIL,1988-04-18,ACTIVE
CUS000218,Yésica Ballester Arcos,PASSPORT,77153023,CORPORATE,2001-07-09,ACTIVE
CUS000219,Leonel Anglada,DNI,14428681,CORPORATE,1967-11-20,ACTIVE
CUS000220,David Benitez Cortina,CE,83155300,RETAIL,1951-01-30,ACTIVE
CUS000221,Wálter Vall-Múñiz,RUC,93318104,CORPORATE,1993-10-15,ACTIVE
CUS000222,Amor de Montserrat,CE,63010140,RETAIL,1950-09-03,ACTIVE
CUS000223,Leandro Cabezas Polo,RUC,14620046,SME,1985-03-21,ACTIVE
CUS000224,Perlita Felipa Álvaro Esteban,RUC,97524368,PRIVATE_BANKING,2001-02-07,ACTIVE
CUS000225,Jerónimo Sancho Aramburu,CE,78023111,PRIVATE_BANKING,1993-03-26,ACTIVE
CUS000226,María José de Fuentes,DNI,53138019,CORPORATE,1975-07-01,ACTIVE
CUS000227,José Juana Acosta Frías,DNI,33768679,PRIVATE_BANKING,1983-10-02,ACTIVE
CUS000228,Eugenia Acero Montoya,PASSPORT,47836378,RETAIL,2007-06-28,ACTIVE
CUS000229,Yaiza Carbó Elorza,PASSPORT,70268504,PRIVATE_BANKING,1958-07-22,ACTIVE
CUS000230,Germán del Bárcena,DNI,74069902,SME,1986-08-14,ACTIVE
CUS000231,Pilar Sanchez Rosado,CE,20568480,PRIVATE_BANKING,1985-02-02,ACTIVE
CUS000232,Jorge Castillo Gutiérrez,RUC,19868931,SME,1984-09-17,ACTIVE
CUS000233,Florina Torres,DNI,30443415,SME,1946-01-04,ACTIVE
CUS000234,Manuel Fabregat Borrego,DNI,50081186,RETAIL,1987-10-23,ACTIVE
CUS000235,Candelario Soto Amores,DNI,72485716,RETAIL,1978-07-15,ACTIVE
CUS000236,Victoriano Nacho Calvo Armas,PASSPORT,50458022,SME,2006-10-11,ACTIVE
CUS000237,María Manuela Ayllón Vara,RUC,73260772,SME,2005-11-28,ACTIVE
CUS000238,Samu Eutropio Haro Conde,DNI,64545146,SME,1995-02-22,ACTIVE
CUS000239,Jovita Giménez Miró,RUC,34978527,RETAIL,1950-08-22,ACTIVE
CUS000240,Diana Saez Estrada,PASSPORT,35082966,SME,1943-05-25,ACTIVE
CUS000241,Cayetana Goñi Ponce,RUC,14655557,CORPORATE,1942-01-19,ACTIVE
CUS000242,Marciano Lorenzo Feliu,CE,57375355,RETAIL,1971-04-09,ACTIVE
CUS000243,Azucena Galán-Expósito,CE,71614061,PRIVATE_BANKING,1990-08-09,ACTIVE
CUS000244,Belen Zabala Duran,CE,31588712,RETAIL,1992-05-24,ACTIVE
CUS000245,Carmela del Sainz,CE,93122838,CORPORATE,1951-08-05,ACTIVE
CUS000246,Nuria Bolaños Fiol,RUC,23784555,PRIVATE_BANKING,1947-08-22,ACTIVE
CUS000247,Lorenza Llobet,CE,71371608,CORPORATE,1971-10-01,ACTIVE
CUS000248,Carlos Larrañaga,CE,30319579,CORPORATE,1977-05-04,ACTIVE
CUS000249,Reynaldo Bermudez Clemente,DNI,20534419,SME,1989-04-27,ACTIVE
CUS000250,Baudelio Cornelio Sanabria Gilabert,PASSPORT,25426385,SME,1962-08-05,ACTIVE
CUS000251,María Jesús Carrasco Seguí,PASSPORT,91912188,RETAIL,1988-07-17,ACTIVE
CUS000252,Manuelita Cuéllar,CE,60310545,SME,2002-12-04,ACTIVE
CUS000253,Telmo Canet Oliver,PASSPORT,48952733,PRIVATE_BANKING,1992-05-18,ACTIVE
CUS000254,Leire del Barrena,DNI,43913356,SME,1960-05-23,ACTIVE
CUS000255,Bernardo Vergara Agudo,DNI,33749989,PRIVATE_BANKING,1957-11-02,ACTIVE
CUS000256,Hernando Quiroga Quero,RUC,20596000,RETAIL,2007-08-21,BLOCKED
CUS000257,Roberta Esperanza Ortiz Santana,PASSPORT,57238713,PRIVATE_BANKING,1946-01-09,ACTIVE
CUS000258,Asunción Marcos Vicente,PASSPORT,24506500,CORPORATE,1942-08-16,ACTIVE
CUS000259,Hipólito Gimenez Garrido,PASSPORT,24005489,PRIVATE_BANKING,1996-06-07,ACTIVE
CUS000260,Valeria Pareja Mendez,PASSPORT,65283788,CORPORATE,1960-05-12,ACTIVE
CUS000261,César Santamaria Soto,PASSPORT,66623840,RETAIL,1969-05-06,ACTIVE
CUS000262,Luz del Monreal,CE,70692911,PRIVATE_BANKING,1984-10-19,ACTIVE
CUS000263,Rómulo de González,RUC,52684879,SME,1989-09-26,ACTIVE
CUS000264,María Carmen Barral Batlle,CE,40455731,CORPORATE,1960-01-25,ACTIVE
CUS000265,César Oliver Bosch,DNI,18968689,SME,1951-10-04,ACTIVE
CUS000266,Anacleto Carrillo Castro,CE,83228806,CORPORATE,1987-03-16,ACTIVE
CUS000267,Gil Bernal Granados,DNI,17744167,RETAIL,1988-12-30,ACTIVE
CUS000268,Anselmo Villanueva Borrás,CE,12855184,RETAIL,1984-02-12,ACTIVE
CUS000269,Julio César Arribas Carbonell,DNI,40734457,SME,1957-09-16,ACTIVE
CUS000270,Sancho Cases Nicolás,DNI,43659095,CORPORATE,2004-10-07,ACTIVE
CUS000271,Adelaida de Abad,DNI,25330372,RETAIL,1971-09-03,ACTIVE
CUS000272,Marita Mercader Rincón,CE,55605479,PRIVATE_BANKING,1957-06-08,ACTIVE
CUS000273,Consuelo Valverde Águila,DNI,82295051,RETAIL,1994-09-01,ACTIVE
CUS000274,Amaya Villalobos Pérez,CE,62195338,CORPORATE,1998-12-13,ACTIVE
CUS000275,Severiano del Ariza,PASSPORT,40024155,PRIVATE_BANKING,2008-04-20,ACTIVE
CUS000276,Elisabet Alcalá Quero,DNI,79254838,PRIVATE_BANKING,1956-07-05,BLOCKED
CUS000277,Rocío Piñol Villalonga,CE,85848379,CORPORATE,1964-10-02,ACTIVE
CUS000278,Yésica Adadia Botella,RUC,59486391,CORPORATE,1990-06-30,ACTIVE
CUS000279,Fidela Vallejo-Cámara,RUC,57562588,CORPORATE,1971-12-03,ACTIVE
CUS000280,Eligio Franco Planas,RUC,83494634,PRIVATE_BANKING,1965-12-30,ACTIVE
CUS000281,Gilberto Niño Sanmartín,DNI,75939104,RETAIL,1966-05-30,ACTIVE
CUS000282,Artemio Lázaro Gimenez Gargallo,PASSPORT,77300184,SME,1942-03-20,ACTIVE
CUS000283,Hernán Ferrando Plaza,DNI,45536943,SME,1985-05-10,ACTIVE
CUS000284,Soraya Mas,DNI,23261872,CORPORATE,1940-10-17,ACTIVE
CUS000285,Iván Hoz-Torralba,PASSPORT,98276119,PRIVATE_BANKING,1962-11-23,ACTIVE
CUS000286,Cloe Molins Calvet,PASSPORT,22157024,SME,1980-11-10,ACTIVE
CUS000287,Custodio Fernández Villalba,PASSPORT,17098767,PRIVATE_BANKING,1941-05-07,ACTIVE
CUS000288,Alejo Aroca Merino,CE,61670883,RETAIL,1957-08-10,INACTIVE
CUS000289,María Carmen Llamas Olivera,PASSPORT,53896166,CORPORATE,1985-11-24,ACTIVE
CUS000290,Angelita Sierra Amaya,CE,75170802,PRIVATE_BANKING,1991-12-07,ACTIVE
CUS000291,Estrella del Cárdenas,CE,83138171,CORPORATE,1990-06-12,INACTIVE
CUS000292,Abraham Borrás Gonzalez,DNI,11365899,RETAIL,1953-12-04,INACTIVE
CUS000293,Ana Belén Mayol Catalán,CE,79144885,SME,1978-07-26,INACTIVE
CUS000294,América Torrents Vallejo,DNI,15033372,RETAIL,1970-12-04,ACTIVE
CUS000295,Fernanda Real,PASSPORT,52163480,CORPORATE,1960-01-08,ACTIVE
CUS000296,Belén Roselló Santos,RUC,20196766,PRIVATE_BANKING,1990-07-14,ACTIVE
CUS000297,Sosimo Bosch Báez,PASSPORT,70467807,SME,1980-02-02,ACTIVE
CUS000298,Armida Riquelme Santamaria,DNI,10882251,RETAIL,1963-08-25,ACTIVE
CUS000299,Olimpia Díez Huertas,RUC,96437663,PRIVATE_BANKING,2003-06-10,ACTIVE
CUS000300,Antonio Cayetano Diéguez Grau,PASSPORT,27736673,PRIVATE_BANKING,1977-03-05,ACTIVE
CUS000301,Agustina Flor Coello,DNI,75471680,CORPORATE,1955-11-04,ACTIVE
CUS000302,Ale Saavedra,PASSPORT,64822081,PRIVATE_BANKING,1980-10-29,ACTIVE
CUS000303,Nazaret Lara Grau,RUC,87827610,RETAIL,1993-06-25,ACTIVE
CUS000304,Josefina Lara Jara,DNI,22861532,CORPORATE,1999-04-05,ACTIVE
CUS000305,Vidal Pizarro Bermúdez,DNI,66222090,PRIVATE_BANKING,1999-02-11,INACTIVE
CUS000306,Jeremías Bonet-Barreda,RUC,33471083,SME,1983-08-20,ACTIVE
CUS000307,Curro Sánchez Herrero,PASSPORT,20410583,SME,1995-07-26,ACTIVE
CUS000308,Anna Ortiz Palmer,CE,39973316,PRIVATE_BANKING,1945-05-16,ACTIVE
CUS000309,Flor Pons-Llopis,CE,29530898,SME,1949-11-27,ACTIVE
CUS000310,Feliciano Almazán-Soto,RUC,73937166,CORPORATE,1964-10-11,ACTIVE
CUS000311,Belén Pera Calleja,PASSPORT,40915828,PRIVATE_BANKING,1955-02-10,ACTIVE
CUS000312,Etelvina Miranda Esparza,PASSPORT,99402130,RETAIL,1984-05-07,ACTIVE
CUS000313,Florentino Barrio Palomo,RUC,85389869,RETAIL,1964-04-24,ACTIVE
CUS000314,Galo Sánchez Cobos,PASSPORT,71773201,RETAIL,1994-08-12,INACTIVE
CUS000315,Débora Olivé Álamo,DNI,38433201,PRIVATE_BANKING,1970-07-11,ACTIVE
CUS000316,Olegario Prats Pozo,RUC,21043825,CORPORATE,1965-02-05,ACTIVE
CUS000317,Sandalio Anacleto Collado Cuervo,PASSPORT,62091184,CORPORATE,1964-12-10,ACTIVE
CUS000318,Mariano Carranza Alemany,PASSPORT,52781354,RETAIL,1990-05-31,ACTIVE
CUS000319,Juan Francisco Corbacho Tur,PASSPORT,73220489,SME,2004-01-26,ACTIVE
CUS000320,Andrés Reina Vizcaíno,DNI,96241328,PRIVATE_BANKING,1963-06-04,ACTIVE
CUS000321,Emilio Sanabria-Oliveras,PASSPORT,34466031,CORPORATE,1974-08-27,ACTIVE
CUS000322,Florencia del Colomer,CE,55328684,RETAIL,1975-07-05,ACTIVE
CUS000323,Gabriel Prats Pedro,PASSPORT,13164202,CORPORATE,1978-12-16,ACTIVE
CUS000324,Fidela Recio Sanchez,RUC,19423618,PRIVATE_BANKING,1959-07-21,ACTIVE
CUS000325,Belen Alvarez Vélez,PASSPORT,80784152,CORPORATE,1950-01-28,ACTIVE
CUS000326,Ruperto Vaquero Cerro,RUC,88827779,PRIVATE_BANKING,1969-05-15,ACTIVE
CUS000327,Guiomar Ropero Quintana,PASSPORT,18717617,SME,1987-06-23,ACTIVE
CUS000328,Seve Menéndez Canals,DNI,92120796,RETAIL,1967-05-17,ACTIVE
CUS000329,Jose Carpio Pombo,DNI,80343764,SME,1988-08-02,INACTIVE
CUS000330,Fito Boada Soler,RUC,54934629,RETAIL,2004-11-08,ACTIVE
CUS000331,María Belén Rey Fernández,RUC,56646254,CORPORATE,1948-12-10,ACTIVE
CUS000332,Asdrubal Azorin Bustos,RUC,56688711,CORPORATE,1992-08-16,ACTIVE
CUS000333,Judith Rivero Rosado,PASSPORT,29859930,RETAIL,2002-01-27,ACTIVE
CUS000334,Ovidio Marqués,RUC,59377285,CORPORATE,1940-12-17,ACTIVE
CUS000335,Gema Cerdán Echevarría,PASSPORT,99878737,PRIVATE_BANKING,2006-12-04,ACTIVE
CUS000336,Luisina Ballesteros Tormo,RUC,28592007,PRIVATE_BANKING,1953-07-01,ACTIVE
CUS000337,Herberto Amo Solana,RUC,25944267,RETAIL,1988-10-14,ACTIVE
CUS000338,Bonifacio Barbero Ribera,CE,17186225,PRIVATE_BANKING,1977-09-07,ACTIVE
CUS000339,Anastasio Nevado Ramis,RUC,88660815,RETAIL,2008-08-02,ACTIVE
CUS000340,Rita Carnero Cabañas,PASSPORT,24704486,RETAIL,1969-01-05,ACTIVE
CUS000341,Andrés Ruano Ropero,RUC,19402206,CORPORATE,1989-11-27,ACTIVE
CUS000342,Ariel Severo Pla Colom,RUC,26357700,SME,1974-12-27,ACTIVE
CUS000343,Osvaldo Abascal Roselló,PASSPORT,90288987,PRIVATE_BANKING,1940-09-20,ACTIVE
CUS000344,Olivia Antonia Serra Hervia,CE,53997103,RETAIL,1958-05-21,ACTIVE
CUS000345,Luis Diéguez Maestre,DNI,86351602,RETAIL,1979-02-28,INACTIVE
CUS000346,Antonia Garrido Arjona,PASSPORT,74116900,PRIVATE_BANKING,1944-09-11,ACTIVE
CUS000347,Concepción del Gaya,DNI,45345303,SME,1999-07-14,ACTIVE
CUS000348,Ariel del Garrido,RUC,62266816,SME,2004-07-22,ACTIVE
CUS000349,Mar Salamanca-Reyes,PASSPORT,81540397,RETAIL,1991-08-18,ACTIVE
CUS000350,Jose Estevez Ramón,DNI,63972919,RETAIL,1949-11-21,BLOCKED
CUS000351,Segismundo del Azcona,CE,27852113,RETAIL,1985-07-26,ACTIVE
CUS000352,Florinda de Saldaña,DNI,19145821,CORPORATE,1958-06-26,ACTIVE
CUS000353,Eugenia Sola Robledo,RUC,25623360,RETAIL,1975-10-27,ACTIVE
CUS000354,Malena del Otero,DNI,19324535,PRIVATE_BANKING,1959-06-20,INACTIVE
CUS000355,Sara Perez Téllez,PASSPORT,21270420,PRIVATE_BANKING,1946-03-08,ACTIVE
CUS000356,Ricarda Paula Guardia Noriega,CE,10126919,SME,1974-08-25,ACTIVE
CUS000357,Calisto Valbuena-Escribano,DNI,68115950,CORPORATE,1952-09-26,ACTIVE
CUS000358,Elena Adán Araujo,DNI,87957904,PRIVATE_BANKING,1949-01-29,ACTIVE
CUS000359,Tatiana Alarcón Marin,DNI,87334005,SME,1956-07-14,ACTIVE
CUS000360,Petrona Tejada-Lasa,RUC,71439895,RETAIL,1982-11-13,INACTIVE
CUS000361,Sarita Soler-Ocaña,DNI,12847317,SME,1968-01-12,ACTIVE
CUS000362,Cristian Lumbreras Roig,RUC,39154161,RETAIL,1952-01-22,ACTIVE
CUS000363,Federico Sureda Aller,PASSPORT,99720381,SME,1956-08-23,ACTIVE
CUS000364,Salomón Peñas-Gonzalo,RUC,93481746,PRIVATE_BANKING,1968-02-05,ACTIVE
CUS000365,Custodio Gual,CE,74429394,SME,1944-08-12,ACTIVE
CUS000366,Hilda Luisa Vendrell Amaya,CE,44766694,RETAIL,1976-04-15,ACTIVE
CUS000367,Merche Linares-Villegas,RUC,11490253,PRIVATE_BANKING,1958-06-08,ACTIVE
CUS000368,Olivia Antúnez-Quesada,PASSPORT,54026710,PRIVATE_BANKING,1986-09-09,ACTIVE
CUS000369,Tiburcio Jódar Valverde,RUC,84062373,CORPORATE,2001-10-31,ACTIVE
CUS000370,Gabriela Pallarès Bolaños,RUC,65502368,PRIVATE_BANKING,1971-07-09,ACTIVE
CUS000371,Yésica Cepeda Gallo,RUC,90474808,SME,1954-04-05,ACTIVE
CUS000372,Rogelio Berrocal Barranco,PASSPORT,29005114,PRIVATE_BANKING,1994-10-20,ACTIVE
CUS000373,Teodosio Patiño,RUC,69345860,CORPORATE,2006-05-05,ACTIVE
CUS000374,Adora Serrano Lerma,DNI,14808901,SME,1958-08-22,ACTIVE
CUS000375,Agapito Arnau Sáez,DNI,49408816,SME,2008-01-12,ACTIVE
CUS000376,Margarita Pozuelo Tormo,RUC,45800585,PRIVATE_BANKING,1963-02-10,ACTIVE
CUS000377,Aránzazu Galvez,RUC,56251916,SME,1984-02-09,ACTIVE
CUS000378,Roldán Miguel Roman,DNI,37684244,CORPORATE,1970-02-22,INACTIVE
CUS000379,Marcelo Criado Lillo,CE,76207291,RETAIL,2004-06-01,ACTIVE
CUS000380,Teresa Yuste Maza,RUC,12640059,PRIVATE_BANKING,1988-09-18,ACTIVE
CUS000381,Virgilio Guiomar Soriano Querol,RUC,40382911,RETAIL,1949-05-17,ACTIVE
CUS000382,Adelardo Adrián Lopez Marcos,CE,38745299,SME,1991-08-04,ACTIVE
CUS000383,Vera Huertas Rodriguez,RUC,81269430,RETAIL,1959-10-10,ACTIVE
CUS000384,Isaura Roura,PASSPORT,79591700,SME,1964-12-20,ACTIVE
CUS000385,Hector Cózar,DNI,63980553,SME,1942-01-30,BLOCKED
CUS000386,Ciriaco Lopez-Cobos,PASSPORT,77483798,PRIVATE_BANKING,1969-03-13,ACTIVE
CUS000387,Mohamed Piña Heras,RUC,58034366,RETAIL,1994-09-16,ACTIVE
CUS000388,Faustino Cañizares-Marín,PASSPORT,95243408,SME,1951-04-30,ACTIVE
CUS000389,Rolando Navas Beltrán,PASSPORT,98538178,RETAIL,2005-02-16,ACTIVE
CUS000390,Aurelia Gonzalo Viñas,DNI,17988961,RETAIL,2004-01-02,ACTIVE
CUS000391,Florencia Vicente Jáuregui,PASSPORT,45496410,PRIVATE_BANKING,2007-08-24,ACTIVE
CUS000392,Julia Fuster Bernal,PASSPORT,16468611,RETAIL,2005-05-16,ACTIVE
CUS000393,Eufemia Pinilla Busquets,PASSPORT,76510673,PRIVATE_BANKING,1981-02-15,INACTIVE
CUS000394,Javi de Hernández,RUC,75013402,RETAIL,2005-03-02,INACTIVE
CUS000395,Rufina del Montero,DNI,38263147,PRIVATE_BANKING,1945-12-27,ACTIVE
CUS000396,Nereida Alvarez Vilalta,DNI,51890917,PRIVATE_BANKING,1976-06-28,INACTIVE
CUS000397,Victor Manuel de Cuesta,DNI,90670455,SME,1992-10-16,ACTIVE
CUS000398,Chuy Reynaldo Arteaga Carreras,PASSPORT,80813295,CORPORATE,1959-03-21,ACTIVE
CUS000399,Esmeralda Cózar Quero,PASSPORT,27209850,CORPORATE,1984-05-18,BLOCKED
CUS000400,Maite Blanca Ruano,RUC,73084158,PRIVATE_BANKING,1965-11-14,ACTIVE
CUS000401,Clarisa Alfaro Alba,PASSPORT,11459453,RETAIL,2001-05-11,ACTIVE
CUS000402,Dani Arranz Saavedra,PASSPORT,47734342,PRIVATE_BANKING,1969-03-04,ACTIVE
CUS000403,Gabino Elpidio Río Molina,RUC,57991692,PRIVATE_BANKING,1969-10-16,ACTIVE
CUS000404,Jose Batlle Acedo,RUC,39035549,PRIVATE_BANKING,1963-07-29,ACTIVE
CUS000405,Tomasa Garay Bello,CE,66332510,CORPORATE,1992-11-13,ACTIVE
CUS000406,Sabas del Gisbert,PASSPORT,29383005,SME,1953-04-13,ACTIVE
CUS000407,Jennifer de Ugarte,RUC,42165139,SME,1953-01-09,ACTIVE
CUS000408,Bruno Edu Gomila Ros,PASSPORT,28058866,CORPORATE,1946-04-12,INACTIVE
CUS000409,Fabricio de Osuna,CE,55232450,RETAIL,1947-05-21,INACTIVE
CUS000410,Sol del Huerta,PASSPORT,24979660,SME,1995-11-01,ACTIVE
CUS000411,Íngrid del Casals,DNI,60875538,CORPORATE,1972-05-22,ACTIVE
CUS000412,José María Aparicio Expósito,PASSPORT,83182203,CORPORATE,1958-04-25,ACTIVE
CUS000413,Edmundo Hervia Ricart,DNI,89879270,PRIVATE_BANKING,1951-03-28,ACTIVE
CUS000414,Daniela Gallo Ferrer,RUC,22674343,PRIVATE_BANKING,1972-06-25,ACTIVE
CUS000415,Bernardino Carpio,CE,42389064,RETAIL,1991-09-30,ACTIVE
CUS000416,Fernando Manjón Becerra,RUC,52952052,CORPORATE,1953-12-05,ACTIVE
CUS000417,Adelardo del Cano,CE,95572390,SME,1982-03-08,ACTIVE
CUS000418,Pánfilo Laguna Dalmau,CE,51398896,SME,1955-02-24,ACTIVE
CUS000419,Morena Vilanova Alemany,DNI,26006870,PRIVATE_BANKING,1950-04-27,ACTIVE
CUS000420,Marianela Real,RUC,59768012,PRIVATE_BANKING,1966-02-27,ACTIVE
CUS000421,Goyo Sales Robledo,RUC,32607752,PRIVATE_BANKING,1953-11-25,BLOCKED
CUS000422,Pascuala Jordán-Valdés,DNI,11455817,PRIVATE_BANKING,1947-03-15,ACTIVE
CUS000423,Jordán Martí Castejón,DNI,40006221,RETAIL,1985-07-31,ACTIVE
CUS000424,Ángel Requena Mascaró,PASSPORT,56977817,CORPORATE,1972-05-21,ACTIVE
CUS000425,Ema Borrego,PASSPORT,34786916,PRIVATE_BANKING,1949-11-17,ACTIVE
CUS000426,Albina Lucas Sarmiento,DNI,76920226,CORPORATE,1997-04-27,ACTIVE
CUS000427,Dorotea Dominguez Fuster,DNI,34922384,SME,1972-02-12,ACTIVE
CUS000428,Carlota Osorio Acero,RUC,82749886,SME,2006-01-26,ACTIVE
CUS000429,Aurelio Heraclio Jurado Aramburu,RUC,15598840,PRIVATE_BANKING,1958-08-17,ACTIVE
CUS000430,Diego Quero Delgado,PASSPORT,28494278,CORPORATE,2002-01-09,ACTIVE
CUS000431,Belén Meléndez Llobet,DNI,43056726,CORPORATE,1959-05-17,ACTIVE
CUS000432,Candelas Bueno Dueñas,PASSPORT,43147365,PRIVATE_BANKING,1979-11-16,ACTIVE
CUS000433,Leonor Perlita Llanos Barbero,PASSPORT,89497375,RETAIL,2008-07-19,ACTIVE
CUS000434,Fausto Ciro Gálvez Haro,DNI,78765930,RETAIL,1972-01-28,ACTIVE
CUS000435,Albert Briones Fuentes,DNI,12726795,CORPORATE,1980-07-24,BLOCKED
CUS000436,Plinio del Terrón,CE,65814476,PRIVATE_BANKING,1965-01-06,ACTIVE
CUS000437,Gregorio del Alcántara,CE,96444920,SME,1949-08-17,ACTIVE
CUS000438,Eugenio Soriano Mate,CE,35316253,SME,1963-01-23,ACTIVE
CUS000439,Américo Heriberto Monreal Daza,CE,53969254,CORPORATE,1942-11-13,ACTIVE
CUS000440,Celia Cazorla Bolaños,CE,11550057,CORPORATE,1964-07-09,ACTIVE
CUS000441,Darío Goicoechea Uría,CE,27414627,RETAIL,1960-11-06,BLOCKED
CUS000442,Gabriel Rolando Menendez Font,PASSPORT,32181434,SME,1956-03-19,ACTIVE
CUS000443,Aroa Luz Medina,RUC,97901999,RETAIL,1975-09-10,ACTIVE
CUS000444,Nico Calleja Martinez,RUC,36143186,SME,1973-09-18,ACTIVE
CUS000445,Ligia Báez,RUC,90619596,PRIVATE_BANKING,1949-11-28,ACTIVE
CUS000446,Esmeralda Reguera Zamorano,PASSPORT,95591015,PRIVATE_BANKING,1991-02-05,ACTIVE
CUS000447,Emiliana Ariza Gárate,DNI,73921541,CORPORATE,1983-10-03,ACTIVE
CUS000448,Ana Belén Almeida Huerta,CE,81417912,PRIVATE_BANKING,1962-03-19,ACTIVE
CUS000449,Alejo Escudero Marcos,PASSPORT,21889039,CORPORATE,1957-08-17,ACTIVE
CUS000450,Anna Meléndez Roldán,RUC,72094946,CORPORATE,2005-10-20,ACTIVE
CUS000451,Manuel Zamora Pedro,CE,37635339,PRIVATE_BANKING,1980-01-21,ACTIVE
CUS000452,Azucena Abigaíl Rosado Poza,PASSPORT,10398602,CORPORATE,1977-01-25,ACTIVE
CUS000453,Horacio Amorós Mata,DNI,63521387,CORPORATE,1967-08-13,ACTIVE
CUS000454,Isabel Peiró Cabeza,DNI,37873288,RETAIL,1959-09-05,ACTIVE
CUS000455,Tatiana Peláez-Galan,CE,46943170,PRIVATE_BANKING,1981-05-04,ACTIVE
CUS000456,Azahar Miralles Rosales,PASSPORT,46857498,CORPORATE,1953-07-26,ACTIVE
CUS000457,Amando Vicente,DNI,33070190,PRIVATE_BANKING,1945-09-15,ACTIVE
CUS000458,Amado Yuste-Perales,PASSPORT,94872461,RETAIL,1998-07-06,ACTIVE
CUS000459,Rosalinda Borrell Merino,PASSPORT,52221604,SME,1957-06-24,ACTIVE
CUS000460,Régulo Abella Tolosa,CE,10052694,RETAIL,1950-08-12,ACTIVE
CUS000461,Zaira Mayte Amores Bueno,DNI,37462535,CORPORATE,1956-11-07,ACTIVE
CUS000462,Elisa Agullo Baena,CE,82750751,CORPORATE,1996-10-09,ACTIVE
CUS000463,Genoveva Frutos-Uriarte,CE,61414579,CORPORATE,1959-11-16,ACTIVE
CUS000464,Ofelia Ignacia Figueroa Clemente,DNI,49440007,PRIVATE_BANKING,2007-09-15,ACTIVE
CUS000465,Antonio Feliu Mendizábal,PASSPORT,18224979,PRIVATE_BANKING,1982-10-07,ACTIVE
CUS000466,Chita Méndez-Jaume,CE,57103039,CORPORATE,1982-06-05,ACTIVE
CUS000467,Sebastian Collado Figuerola,CE,21606412,CORPORATE,1973-01-04,ACTIVE
CUS000468,Heliodoro Costa-Roma,CE,40017426,PRIVATE_BANKING,2000-09-23,ACTIVE
CUS000469,Anselmo Novoa,PASSPORT,57202960,CORPORATE,1963-08-14,ACTIVE
CUS000470,Abraham Álamo Calleja,RUC,52707083,RETAIL,1993-03-15,ACTIVE
CUS000471,Lola Conde Pallarès,PASSPORT,75247555,SME,1975-02-23,ACTIVE
CUS000472,Jessica Arcos Rosado,DNI,86951714,CORPORATE,1996-04-10,ACTIVE
CUS000473,Ramiro Jódar Ros,DNI,66261621,CORPORATE,1945-08-14,ACTIVE
CUS000474,Jaime Benítez Morán,RUC,76790076,CORPORATE,1989-05-18,ACTIVE
CUS000475,Desiderio Palomo Hernandez,PASSPORT,32876217,PRIVATE_BANKING,1961-10-18,ACTIVE
CUS000476,Maximino del Perea,DNI,43106298,SME,1997-03-25,ACTIVE
CUS000477,Marciano de Conesa,CE,15104739,SME,1971-12-10,ACTIVE
CUS000478,Visitación Peláez-Carrión,RUC,21142375,CORPORATE,1963-12-08,ACTIVE
CUS000479,Benigna Hernando Elorza,DNI,89780139,CORPORATE,1985-12-21,ACTIVE
CUS000480,Baltasar Franch-Zurita,DNI,10030227,PRIVATE_BANKING,1987-08-03,ACTIVE
CUS000481,Anacleto de Blanch,RUC,76994563,SME,1975-01-03,ACTIVE
CUS000482,Aarón del Aguado,DNI,50490306,CORPORATE,1973-11-05,ACTIVE
CUS000483,Candelario Cornejo Lerma,RUC,59547179,RETAIL,1996-01-12,ACTIVE
CUS000484,Nazaret Larrea,PASSPORT,37802471,SME,1993-11-18,ACTIVE
CUS000485,Rufina Gimenez,DNI,95200507,CORPORATE,1955-08-03,ACTIVE
CUS000486,Ángel Trujillo-Ortuño,CE,94725379,SME,1983-04-12,ACTIVE
CUS000487,Édgar Barranco Múñiz,PASSPORT,16452458,CORPORATE,1972-11-29,ACTIVE
CUS000488,Rafaela Portero Redondo,RUC,96863018,RETAIL,1993-05-10,BLOCKED
CUS000489,Guadalupe Sainz Gomila,PASSPORT,29648759,SME,1984-05-04,ACTIVE
CUS000490,Vicenta Haro Haro,RUC,41965352,PRIVATE_BANKING,1996-09-11,ACTIVE
CUS000491,Flor Mendizábal Verdú,DNI,22579067,PRIVATE_BANKING,1969-02-18,ACTIVE
CUS000492,Haydée Eufemia Novoa Valderrama,DNI,47931461,PRIVATE_BANKING,2000-06-11,INACTIVE
CUS000493,Josep Mata Calderon,RUC,91858575,PRIVATE_BANKING,1961-01-11,ACTIVE
CUS000494,Sergio Lorenzo Ocaña Mancebo,CE,93113802,PRIVATE_BANKING,1961-11-21,ACTIVE
CUS000495,Antonia Pagès Ponce,DNI,35717394,CORPORATE,1977-05-11,ACTIVE
CUS000496,Paulino Villanueva-Trujillo,CE,54684629,CORPORATE,1976-03-28,ACTIVE
CUS000497,Saturnino Serrano Cañellas,CE,29699965,SME,1985-08-13,ACTIVE
CUS000498,Malena Aguado Mínguez,PASSPORT,63301202,SME,1994-05-02,BLOCKED
CUS000499,Teresita Lladó Nevado,PASSPORT,13071724,SME,1946-05-13,ACTIVE
CUS000500,Dominga Caballero Canet,DNI,10924767,RETAIL,1958-10-09,ACTIVE
CUS000501,Melisa Amorós Alberto,RUC,79022019,SME,1983-05-05,INACTIVE
CUS000502,Albina Carmina Cazorla Castejón,PASSPORT,71261875,RETAIL,1981-11-16,ACTIVE
CUS000503,Guadalupe Fito Gras Cámara,RUC,10988342,CORPORATE,2005-12-31,ACTIVE
CUS000504,Toni Luján Luna,CE,70568562,RETAIL,1991-04-08,ACTIVE
CUS000505,Custodia Mesa Grau,PASSPORT,30643818,SME,1957-01-28,ACTIVE
CUS000506,Maricruz Clavero Serna,CE,31692687,SME,2006-11-14,ACTIVE
CUS000507,Hector Nieto Vilalta,PASSPORT,71748363,SME,1997-05-09,ACTIVE
CUS000508,Victor Manuel Félix Román Cózar,CE,91119344,RETAIL,1967-12-11,ACTIVE
CUS000509,Jacinta Roselló Sáez,PASSPORT,86734574,CORPORATE,1968-01-23,ACTIVE
CUS000510,Leandro Adán,DNI,97398763,CORPORATE,1955-11-30,ACTIVE
CUS000511,Aura Torrent-Calleja,CE,62494442,CORPORATE,1978-12-24,ACTIVE
CUS000512,Nacio Plinio Hidalgo Peláez,CE,80651078,PRIVATE_BANKING,2003-12-02,ACTIVE
CUS000513,Reinaldo Torre-Morales,DNI,37711403,RETAIL,2000-05-31,ACTIVE
CUS000514,Baldomero Escudero Rosselló,CE,10206770,PRIVATE_BANKING,1950-03-30,ACTIVE
CUS000515,Aurora Ballesteros,DNI,96162794,RETAIL,1949-10-07,ACTIVE
CUS000516,Georgina Barrera Heredia,PASSPORT,75964795,SME,1952-02-07,INACTIVE
CUS000517,Juan Antonio Serna Dueñas,PASSPORT,39468802,SME,1969-10-28,ACTIVE
CUS000518,Ámbar de Gargallo,PASSPORT,75807843,CORPORATE,2002-07-11,ACTIVE
CUS000519,Cayetano Cobo Pellicer,CE,17939428,CORPORATE,1999-12-24,ACTIVE
CUS000520,Isa Salas Aramburu,RUC,62420060,PRIVATE_BANKING,1958-12-26,ACTIVE
CUS000521,Susana Parejo Ríos,CE,61756590,PRIVATE_BANKING,1996-12-08,ACTIVE
CUS000522,Reyes del Padilla,DNI,59872236,SME,1990-02-13,ACTIVE
CUS000523,Dolores Patiño-Carbajo,RUC,68434507,CORPORATE,1975-01-05,ACTIVE
CUS000524,Aristides Valderrama Dueñas,RUC,53565771,CORPORATE,2002-12-27,ACTIVE
CUS000525,Marcelo Baeza,PASSPORT,27082915,PRIVATE_BANKING,1940-11-27,ACTIVE
CUS000526,Basilio Olivares Vallejo,PASSPORT,23809271,CORPORATE,1980-12-09,ACTIVE
CUS000527,Luna Tena,PASSPORT,48826014,RETAIL,2001-09-11,ACTIVE
CUS000528,Edelmiro Miró Ramis,DNI,57752616,PRIVATE_BANKING,1950-12-30,ACTIVE
CUS000529,Pepe Carranza Suarez,PASSPORT,79337492,PRIVATE_BANKING,1979-03-24,ACTIVE
CUS000530,Ainoa Almagro Alcázar,CE,95454771,PRIVATE_BANKING,1954-02-26,ACTIVE
CUS000531,Luis Egea Guardiola,RUC,83752572,RETAIL,1994-01-19,ACTIVE
CUS000532,Luna Francisco-Barberá,PASSPORT,21266359,CORPORATE,1977-08-29,ACTIVE
CUS000533,Febe Requena Morán,PASSPORT,46508681,CORPORATE,2007-09-23,ACTIVE
CUS000534,Mónica Albero Osorio,RUC,44118632,RETAIL,2000-08-08,ACTIVE
CUS000535,Borja Beltrán Arnau,RUC,95176691,RETAIL,1955-02-25,ACTIVE
CUS000536,Jordán del Roca,CE,91158216,RETAIL,1990-10-01,ACTIVE
CUS000537,Cosme Torrent Bermejo,CE,27070778,PRIVATE_BANKING,1957-11-15,ACTIVE
CUS000538,Fabiola Manola Isern Tena,PASSPORT,61760547,CORPORATE,1945-08-06,INACTIVE
CUS000539,Casemiro Lamas Estevez,CE,27667197,RETAIL,1949-02-07,ACTIVE
CUS000540,Reyna Castells Mariño,PASSPORT,42408207,SME,1976-01-30,ACTIVE
CUS000541,Virginia Alfonso Torrecilla,RUC,41592242,CORPORATE,1944-06-25,ACTIVE
CUS000542,Tristán del Alberdi,PASSPORT,87414593,SME,1961-03-13,ACTIVE
CUS000543,Marco Badía Montoya,RUC,98932449,RETAIL,1999-09-30,ACTIVE
CUS000544,Carina Bertrán Arribas,RUC,85352038,CORPORATE,1945-03-12,ACTIVE
CUS000545,Isidoro Valcárcel,RUC,32119724,PRIVATE_BANKING,1978-06-03,ACTIVE
CUS000546,Débora Toledo Parra,RUC,68116091,PRIVATE_BANKING,1960-11-20,ACTIVE
CUS000547,Perlita Bilbao Campillo,CE,83319548,RETAIL,1944-01-24,ACTIVE
CUS000548,Héctor Cañas Pons,DNI,99748134,PRIVATE_BANKING,1951-12-11,ACTIVE
CUS000549,Marcos Nebot Sarmiento,DNI,95895986,CORPORATE,2000-01-19,ACTIVE
CUS000550,Ciriaco Jordán Viña,CE,59789114,SME,1948-04-15,ACTIVE
CUS000551,Estela Herrero López,RUC,93362821,CORPORATE,2006-05-21,ACTIVE
CUS000552,Candelario Millán Briones,DNI,23946875,SME,1961-05-09,ACTIVE
CUS000553,Cloe Vicenta Armengol Olivares,DNI,92110371,RETAIL,1944-05-13,ACTIVE
CUS000554,León Huertas Bayón,RUC,62711049,RETAIL,1956-09-08,ACTIVE
CUS000555,Camila Calvet Benet,PASSPORT,26067618,PRIVATE_BANKING,1982-04-15,INACTIVE
CUS000556,Edmundo Cristian Piñol Marco,RUC,83508087,SME,1990-02-05,ACTIVE
CUS000557,Chita Bartolomé Gordillo,RUC,34559516,SME,1974-01-29,ACTIVE
CUS000558,Borja Aguilar,PASSPORT,63481475,CORPORATE,1998-05-09,ACTIVE
CUS000559,Demetrio Ballesteros Artigas,RUC,85145461,RETAIL,1979-06-23,ACTIVE
CUS000560,Ascensión Tejedor Morán,PASSPORT,58704295,PRIVATE_BANKING,1997-12-16,ACTIVE
CUS000561,Vidal Fortunato Palma Barrios,CE,83941191,CORPORATE,1996-02-06,ACTIVE
CUS000562,Aurora Sanjuan Baeza,PASSPORT,77812644,SME,1985-09-05,ACTIVE
CUS000563,Araceli Arce,PASSPORT,59009408,RETAIL,1946-06-26,INACTIVE
CUS000564,Fulgencio del Lamas,DNI,21390399,PRIVATE_BANKING,1993-08-16,ACTIVE
CUS000565,Juan Luis Cobo Uriarte,RUC,36115438,RETAIL,2004-08-31,ACTIVE
CUS000566,Teodosio Perelló Barón,DNI,25062410,CORPORATE,1941-07-09,ACTIVE
CUS000567,Marcia Martínez Rocamora,RUC,30410488,PRIVATE_BANKING,1969-12-24,ACTIVE
CUS000568,Pancho Pastor Espinosa,CE,52276235,PRIVATE_BANKING,2003-04-17,ACTIVE
CUS000569,Vinicio Andrés Luz,DNI,25819302,PRIVATE_BANKING,1942-05-21,ACTIVE
CUS000570,Renato de Carbajo,RUC,13085633,RETAIL,1965-06-24,ACTIVE
CUS000571,Florina Durán Montalbán,PASSPORT,33326235,SME,1944-06-18,ACTIVE
CUS000572,Pepita Salamanca-Fiol,PASSPORT,87032583,SME,1992-09-24,ACTIVE
CUS000573,Jesusa Tejedor-Pineda,PASSPORT,76543918,CORPORATE,2005-07-29,ACTIVE
CUS000574,Luis Jacinto Conesa Porta,PASSPORT,91955922,PRIVATE_BANKING,1961-07-03,ACTIVE
CUS000575,América Reig Llano,PASSPORT,38608625,RETAIL,1953-05-02,ACTIVE
CUS000576,Cayetano Mariscal,DNI,15758633,SME,1991-10-22,ACTIVE
CUS000577,Coral de Vallés,RUC,91864997,PRIVATE_BANKING,1983-06-22,ACTIVE
CUS000578,Mariano Giner Ponce,DNI,37196376,PRIVATE_BANKING,1981-07-16,ACTIVE
CUS000579,Adelaida Lluch Barco,PASSPORT,84252036,CORPORATE,1976-04-02,ACTIVE
CUS000580,Cintia López Campillo,DNI,30761368,CORPORATE,1960-04-21,ACTIVE
CUS000581,Herberto Moreno López Jara,RUC,56617995,SME,1994-03-18,ACTIVE
CUS000582,Genoveva de Santamaria,DNI,54216086,CORPORATE,1994-06-21,ACTIVE
CUS000583,Carlota del Benito,RUC,50542303,RETAIL,1967-02-13,ACTIVE
CUS000584,Xiomara Reyna Gras Vara,PASSPORT,11570055,RETAIL,2000-06-23,ACTIVE
CUS000585,Leocadia Morillo Puga,CE,91538054,RETAIL,1989-06-15,ACTIVE
CUS000586,Alma del Guillen,DNI,74820083,SME,2004-02-20,ACTIVE
CUS000587,Dorita Ramis Pulido,DNI,15981762,RETAIL,2002-06-15,ACTIVE
CUS000588,Balduino Guijarro Muñoz,RUC,85720187,PRIVATE_BANKING,2000-12-03,ACTIVE
CUS000589,Ana Escudero Carvajal,RUC,45890107,PRIVATE_BANKING,1944-06-19,INACTIVE
CUS000590,Gerónimo Fernández-Torre,DNI,59494041,PRIVATE_BANKING,1953-09-05,ACTIVE
CUS000591,Dorita Mercader Palomares,DNI,24338269,SME,1983-02-18,ACTIVE
CUS000592,Reyes Garcés Tejera,RUC,89733829,SME,1977-04-14,ACTIVE
CUS000593,Isabela de Vilanova,RUC,20479914,CORPORATE,1989-03-09,ACTIVE
CUS000594,Nydia del Villalba,DNI,55199408,SME,1966-12-16,ACTIVE
CUS000595,Gastón Cleto Piñol Lluch,PASSPORT,79838827,PRIVATE_BANKING,1960-05-25,BLOCKED
CUS000596,Cecilio Baró Herrera,PASSPORT,42610376,CORPORATE,1952-07-15,ACTIVE
CUS000597,Dominga Nebot Tejada,CE,29906182,CORPORATE,2005-01-17,ACTIVE
CUS000598,Gilberto Llamas,DNI,93744609,SME,1946-12-24,ACTIVE
CUS000599,Saturnino Rivera Lago,PASSPORT,41644436,RETAIL,2006-06-11,BLOCKED
CUS000600,Emilio Andrade Agustín,CE,19285911,PRIVATE_BANKING,2003-02-07,ACTIVE
CUS000601,Hugo Salazar Rosado,DNI,20137482,CORPORATE,1959-08-19,ACTIVE
CUS000602,Chus Ugarte Pedrero,CE,99386910,PRIVATE_BANKING,2003-03-04,ACTIVE
CUS000603,Eduardo Alcalá Menendez,PASSPORT,75967031,RETAIL,2008-06-26,ACTIVE
CUS000604,Goyo Nadal,DNI,40538646,SME,1969-12-31,ACTIVE
CUS000605,Leonardo Oller Ros,DNI,86618211,PRIVATE_BANKING,1949-12-08,INACTIVE
CUS000606,Carla Pérez Tovar,DNI,41454684,RETAIL,1968-10-08,ACTIVE
CUS000607,Hermenegildo Claudio Franch Domingo,DNI,64349778,CORPORATE,1995-07-09,ACTIVE
CUS000608,Damián Clavero Moreno,RUC,53973114,CORPORATE,1992-03-17,ACTIVE
CUS000609,María Manuela Prada Garcia,PASSPORT,58086984,RETAIL,1941-03-26,ACTIVE
CUS000610,Amparo de Villa,RUC,25248872,PRIVATE_BANKING,1961-09-25,ACTIVE
CUS000611,Teodosio Morales Cruz,DNI,78539391,RETAIL,2007-09-09,INACTIVE
CUS000612,Ernesto Parejo Grande,PASSPORT,40702772,CORPORATE,1973-08-20,ACTIVE
CUS000613,Édgar Sierra Aranda,PASSPORT,16944387,SME,1978-04-24,ACTIVE
CUS000614,Osvaldo Villalobos Santamaría,DNI,45404285,SME,1950-12-07,ACTIVE
CUS000615,Poncio Milla Rueda,DNI,67878764,CORPORATE,1952-04-26,ACTIVE
CUS000616,Fabiola Avilés,PASSPORT,66743245,RETAIL,1946-06-21,ACTIVE
CUS000617,Eleuterio Casas Uriarte,CE,13413751,PRIVATE_BANKING,1979-11-06,ACTIVE
CUS000618,Rosa Uría Sanabria,DNI,96157597,CORPORATE,1943-09-11,ACTIVE
CUS000619,Gaspar Saldaña,CE,21680433,RETAIL,1975-01-27,ACTIVE
CUS000620,Sosimo Martin-Gómez,PASSPORT,60469993,SME,1973-09-16,INACTIVE
CUS000621,Silvio Coca Bueno,PASSPORT,53612826,PRIVATE_BANKING,1965-04-12,INACTIVE
CUS000622,Graciela Pino Font,RUC,74116246,PRIVATE_BANKING,1970-02-25,ACTIVE
CUS000623,Martina Jurado-Páez,PASSPORT,87556782,PRIVATE_BANKING,2006-12-15,ACTIVE
CUS000624,Candelario del Montalbán,CE,85316617,PRIVATE_BANKING,1944-07-25,ACTIVE
CUS000625,Emelina Peñalver-Cárdenas,PASSPORT,18106311,PRIVATE_BANKING,1983-08-25,ACTIVE
CUS000626,Haroldo Piñol Reyes,CE,31001985,CORPORATE,1940-09-17,ACTIVE
CUS000627,Lorenza de Girona,CE,11989087,SME,1991-07-29,ACTIVE
CUS000628,Hector Batalla-Gordillo,RUC,80259559,PRIVATE_BANKING,1984-03-15,ACTIVE
CUS000629,Primitiva Ureña Arnal,DNI,48783308,PRIVATE_BANKING,1944-05-05,ACTIVE
CUS000630,Nilda Pulido Perales,PASSPORT,24329936,PRIVATE_BANKING,1966-01-29,ACTIVE
CUS000631,Blas Teruel Araujo,RUC,97082157,CORPORATE,1970-09-14,ACTIVE
CUS000632,Manolo Cleto Gascón Casals,PASSPORT,81992531,PRIVATE_BANKING,2003-12-24,ACTIVE
CUS000633,Anastasio Giménez Crespi,RUC,19617310,SME,1947-08-18,ACTIVE
CUS000634,Anunciación Gonzalez Fuente,PASSPORT,20256317,SME,1989-11-02,ACTIVE
CUS000635,Jordán Gómez,DNI,52499152,PRIVATE_BANKING,1995-12-27,ACTIVE
CUS000636,Amado de Cases,RUC,35696627,RETAIL,1994-10-19,INACTIVE
CUS000637,Pío Pujadas Saldaña,RUC,41358936,CORPORATE,1962-03-30,INACTIVE
CUS000638,Segismundo Pons Escribano,PASSPORT,81939535,PRIVATE_BANKING,1960-08-01,INACTIVE
CUS000639,Evita Palomo Conde,RUC,81468392,SME,1969-08-28,ACTIVE
CUS000640,Áurea Alegre Ayllón,PASSPORT,17517466,SME,1995-06-08,ACTIVE
CUS000641,Amalia Galindo-Prats,CE,26407121,SME,1998-04-22,ACTIVE
CUS000642,Camilo Canales Balaguer,PASSPORT,35874682,PRIVATE_BANKING,1973-06-26,ACTIVE
CUS000643,Margarita Cruz Duarte,PASSPORT,45099767,CORPORATE,1976-08-13,ACTIVE
CUS000644,Faustino Alarcón Arévalo,RUC,38601825,PRIVATE_BANKING,1997-10-13,ACTIVE
CUS000645,Florentino Colom,RUC,19709739,PRIVATE_BANKING,1975-11-06,ACTIVE
CUS000646,Crescencia Cervera,PASSPORT,96356906,CORPORATE,1969-04-05,INACTIVE
CUS000647,Sandalio Iniesta Hernández,PASSPORT,36096346,PRIVATE_BANKING,1943-09-22,ACTIVE
CUS000648,Maximiano Rovira Revilla,CE,31737012,RETAIL,1976-12-29,ACTIVE
CUS000649,Lisandro Sáez Gelabert,CE,65381746,CORPORATE,2000-05-08,ACTIVE
CUS000650,Anacleto Soto-Costa,RUC,22481660,CORPORATE,1986-06-30,ACTIVE
CUS000651,Blanca Gil Arranz,PASSPORT,26292873,PRIVATE_BANKING,1948-01-04,BLOCKED
CUS000652,Patricio Duque Cabrera,RUC,25597297,CORPORATE,1961-12-16,BLOCKED
CUS000653,Atilio Paulino Acosta Mínguez,DNI,47451667,RETAIL,1987-11-27,ACTIVE
CUS000654,María Cristina Sales-Andrade,RUC,58653937,SME,2006-10-05,ACTIVE
CUS000655,Marino Morell-Grande,DNI,44565469,RETAIL,1947-02-25,BLOCKED
CUS000656,Victoria Blazquez Bonet,RUC,78590574,SME,1981-01-26,ACTIVE
CUS000657,Cristian Ros Blanch,PASSPORT,28318093,SME,1948-09-11,ACTIVE
CUS000658,Felicidad Campoy Jaume,RUC,65492639,PRIVATE_BANKING,1969-02-25,ACTIVE
CUS000659,Marcela Castell,RUC,28762830,CORPORATE,1970-02-13,ACTIVE
CUS000660,Natividad Ramón,CE,81529375,SME,1953-02-22,ACTIVE
CUS000661,Gregorio Castejón,DNI,39487283,SME,1986-04-15,ACTIVE
CUS000662,Damián Porta Roig,RUC,92832937,PRIVATE_BANKING,1945-05-21,INACTIVE
CUS000663,Marita Manola Lumbreras España,CE,51604752,RETAIL,2007-12-06,ACTIVE
CUS000664,Reina del Trujillo,DNI,53435459,SME,1990-05-25,ACTIVE
CUS000665,Eva María Escudero Gonzalo,DNI,48784248,CORPORATE,1979-07-03,ACTIVE
CUS000666,Claudia Pozuelo Samper,RUC,31315946,PRIVATE_BANKING,1956-11-07,ACTIVE
CUS000667,Marcial Carlito Bertrán Palomo,DNI,30284566,SME,2001-08-31,ACTIVE
CUS000668,Tania del Martínez,RUC,33018927,RETAIL,1941-11-08,ACTIVE
CUS000669,Chita Carretero Miró,PASSPORT,68610626,RETAIL,1988-07-20,BLOCKED
CUS000670,Guiomar Salcedo Roselló,PASSPORT,16599583,RETAIL,1965-04-06,ACTIVE
CUS000671,Chus Mateos Verdú,RUC,15995797,PRIVATE_BANKING,1949-05-31,ACTIVE
CUS000672,Ángela Cantero-Saura,RUC,77931827,RETAIL,1961-07-27,ACTIVE
CUS000673,Carmelita Zaragoza Ruano,RUC,75241318,CORPORATE,1979-08-30,ACTIVE
CUS000674,Rico Jerez-Cervera,CE,58600932,SME,1974-01-26,ACTIVE
CUS000675,José Luis Farré,CE,22518513,PRIVATE_BANKING,1997-06-14,ACTIVE
CUS000676,Onofre Cabañas Luján,RUC,60980766,SME,1991-05-26,BLOCKED
CUS000677,Efraín Cabrera Antúnez,PASSPORT,63701437,RETAIL,1998-09-03,ACTIVE
CUS000678,Elías Barreda Pol,CE,58194821,CORPORATE,1942-03-13,ACTIVE
CUS000679,Angélica Andrea Morante Carvajal,PASSPORT,90808343,PRIVATE_BANKING,1976-04-01,ACTIVE
CUS000680,Antonio Álvarez,PASSPORT,23814950,PRIVATE_BANKING,1952-09-24,ACTIVE
CUS000681,Evaristo Zabaleta-Cid,RUC,23320495,RETAIL,1993-07-11,ACTIVE
CUS000682,Sigfrido Leon Asenjo,DNI,43622855,PRIVATE_BANKING,1960-04-16,ACTIVE
CUS000683,Maximiano Jaume Macías,CE,17278731,PRIVATE_BANKING,1963-09-12,INACTIVE
CUS000684,Rosendo Huertas Beltrán,RUC,15641760,CORPORATE,2000-09-15,ACTIVE
CUS000685,Melchor Ledesma Gabaldón,RUC,83730696,CORPORATE,1981-12-15,ACTIVE
CUS000686,Ricarda Sala Palmer,CE,27699738,PRIVATE_BANKING,1977-02-26,ACTIVE
CUS000687,Purificación Valdés Andres,PASSPORT,48920388,SME,1991-10-19,ACTIVE
CUS000688,Evaristo de Fuente,CE,26635516,RETAIL,1962-04-02,BLOCKED
CUS000689,Merche Quero Cabello,DNI,39618705,SME,1956-01-29,ACTIVE
CUS000690,Herberto Pinilla-Alvarado,RUC,21803449,SME,1979-06-18,ACTIVE
CUS000691,Xiomara Blázquez,CE,73921845,SME,1999-10-12,ACTIVE
CUS000692,Pepita Quintanilla Robledo,CE,16431138,RETAIL,1993-07-06,ACTIVE
CUS000693,Graciano de Pascual,CE,52608813,CORPORATE,1998-05-28,ACTIVE
CUS000694,Eliseo Posada Arenas,RUC,69572532,CORPORATE,1991-07-02,ACTIVE
CUS000695,Mirta Vergara Río,RUC,34192773,PRIVATE_BANKING,1955-03-02,ACTIVE
CUS000696,Etelvina Arnau Duarte,RUC,55707395,CORPORATE,1970-05-07,ACTIVE
CUS000697,Rosario Navarrete Molina,RUC,12180735,RETAIL,1966-05-04,ACTIVE
CUS000698,Juliana Carrión,DNI,37962627,PRIVATE_BANKING,1972-04-21,ACTIVE
CUS000699,Felipa Arregui Blázquez,CE,29436312,RETAIL,2000-07-16,ACTIVE
CUS000700,Fito Huertas,CE,54249717,SME,1994-04-03,ACTIVE
CUS000701,Alondra Carballo Calvo,DNI,96927036,RETAIL,1986-10-01,ACTIVE
CUS000702,Amílcar Niño Prats,DNI,79459396,SME,1996-09-14,ACTIVE
CUS000703,Inocencio del Boix,RUC,50338983,SME,1977-07-25,INACTIVE
CUS000704,Maximino Peñalver Herrera,CE,16057529,RETAIL,1956-06-30,ACTIVE
CUS000705,Herberto del Zamorano,PASSPORT,42418342,RETAIL,2004-09-28,ACTIVE
CUS000706,Salomón Barba Galán,RUC,65327004,RETAIL,1943-03-21,ACTIVE
CUS000707,Jennifer Soledad Barrios Saavedra,RUC,39208119,CORPORATE,1969-05-05,ACTIVE
CUS000708,Julio Salom,DNI,73288657,SME,1977-11-29,ACTIVE
CUS000709,Felicidad Lastra Sotelo,RUC,29470771,SME,1949-08-27,ACTIVE
CUS000710,Victorino Fabregat-Santiago,CE,18320458,SME,1959-03-30,ACTIVE
CUS000711,Martín Peñas Torralba,PASSPORT,23105539,RETAIL,1972-03-09,ACTIVE
CUS000712,Chuy Navarro Piña,RUC,13845489,RETAIL,1970-10-02,BLOCKED
CUS000713,Petrona Hernández Buendía,PASSPORT,40796490,SME,1993-08-05,ACTIVE
CUS000714,Claudia Falcó Vega,DNI,21688780,RETAIL,1947-01-23,ACTIVE
CUS000715,Reina de Miró,CE,82586296,PRIVATE_BANKING,2001-08-20,ACTIVE
CUS000716,Isa Falcó,RUC,67904237,CORPORATE,1991-09-20,ACTIVE
CUS000717,Lucía Menéndez Montenegro,RUC,79240440,SME,1979-03-20,ACTIVE
CUS000718,Carmina Correa Sainz,RUC,75614851,SME,1953-01-17,ACTIVE
CUS000719,Alejandro de Vergara,CE,19334234,RETAIL,1949-01-09,ACTIVE
CUS000720,Julia Ordóñez Priego,RUC,67097938,CORPORATE,2006-01-03,ACTIVE
CUS000721,Macario Alberto Barrios,PASSPORT,95810321,PRIVATE_BANKING,1960-10-07,ACTIVE
CUS000722,Baudelio Pavón-Elorza,RUC,55020315,SME,1961-08-06,INACTIVE
CUS000723,Aníbal del Mármol,CE,41965721,PRIVATE_BANKING,1962-07-24,ACTIVE
CUS000724,Aarón Águila Niño,RUC,47766518,SME,1960-09-12,ACTIVE
CUS000725,Javiera Castillo-Barco,PASSPORT,12362041,CORPORATE,1959-08-20,ACTIVE
CUS000726,Marciano Garay Uriarte,RUC,50168591,PRIVATE_BANKING,1946-06-30,ACTIVE
CUS000727,Eutropio Tudela,PASSPORT,58566367,PRIVATE_BANKING,1991-10-06,ACTIVE
CUS000728,Candela Toro-Mate,RUC,68077699,SME,1991-02-09,ACTIVE
CUS000729,Desiderio del Cid,PASSPORT,36850299,CORPORATE,1959-01-02,ACTIVE
CUS000730,Alba Carmona Morell,DNI,88440972,PRIVATE_BANKING,1983-01-05,ACTIVE
CUS000731,Viviana Segarra Gómez,RUC,33398862,PRIVATE_BANKING,1948-02-20,ACTIVE
CUS000732,Tatiana de Ropero,PASSPORT,44429322,SME,2005-12-10,ACTIVE
CUS000733,Débora Vargas Cano,CE,77950306,SME,1986-03-05,ACTIVE
CUS000734,Teófilo del Boix,DNI,85318708,RETAIL,1991-05-10,ACTIVE
CUS000735,Julie de Báez,CE,44658084,RETAIL,1986-11-06,ACTIVE
CUS000736,Emiliana Hernández Roca,DNI,11755039,CORPORATE,1971-10-15,ACTIVE
CUS000737,Inmaculada Laguna,CE,93442485,RETAIL,1958-01-26,ACTIVE
CUS000738,Samanta Gisbert,PASSPORT,26448201,SME,1975-07-31,ACTIVE
CUS000739,Josué Mendoza Toro,CE,20310925,PRIVATE_BANKING,1976-05-26,BLOCKED
CUS000740,Goyo Solé Lorenzo,PASSPORT,80316468,SME,1981-07-12,ACTIVE
CUS000741,Feliciano Palau Yuste,CE,46116637,RETAIL,1996-12-24,ACTIVE
CUS000742,Leticia Ramos Tello,CE,94865758,CORPORATE,2000-12-19,ACTIVE
CUS000743,Timoteo Aguilar Guijarro,PASSPORT,21457032,SME,1946-01-30,ACTIVE
CUS000744,Chus Recio Ariza,CE,95614886,CORPORATE,1997-03-08,ACTIVE
CUS000745,Marita de Gallego,CE,82045146,PRIVATE_BANKING,1942-11-07,ACTIVE
CUS000746,Violeta Fajardo Carballo,RUC,58124284,CORPORATE,1964-03-07,ACTIVE
CUS000747,Luisina Jacinta Baró Cobos,RUC,13885766,CORPORATE,2006-04-01,ACTIVE
CUS000748,Almudena Estrada-Iniesta,PASSPORT,37027355,SME,1942-12-25,ACTIVE
CUS000749,Elpidio Escalona Aparicio,RUC,95668493,PRIVATE_BANKING,1978-06-30,ACTIVE
CUS000750,Bonifacio Salom Luís,PASSPORT,63783014,PRIVATE_BANKING,1957-09-16,ACTIVE
CUS000751,León Berrocal Borrás,DNI,49510215,PRIVATE_BANKING,1950-03-02,ACTIVE
CUS000752,Moreno Barrio Roura,RUC,11688399,SME,1963-03-03,ACTIVE
CUS000753,Miguel Lobo Macias,CE,96957198,CORPORATE,1960-02-03,ACTIVE
CUS000754,Arturo del Palma,DNI,45847826,PRIVATE_BANKING,1945-04-20,ACTIVE
CUS000755,Héctor Cabezas Llorente,RUC,97206753,PRIVATE_BANKING,1952-12-17,ACTIVE
CUS000756,Marcela Conde-Coloma,PASSPORT,53362408,RETAIL,1997-10-08,ACTIVE
CUS000757,Rosalva Domingo Murillo,CE,60692002,CORPORATE,2008-03-12,ACTIVE
CUS000758,Verónica Lara Yáñez,PASSPORT,52455273,PRIVATE_BANKING,1981-04-28,ACTIVE
CUS000759,Toribio Cabanillas Sanjuan,RUC,84378358,RETAIL,1975-05-08,ACTIVE
CUS000760,Valentina Sales Rosado,RUC,57786123,RETAIL,1996-06-10,ACTIVE
CUS000761,Primitivo Peral Pagès,DNI,37789717,CORPORATE,1946-09-17,ACTIVE
CUS000762,Gertrudis Coronado Bou,RUC,15670285,RETAIL,1988-11-17,INACTIVE
CUS000763,Raquel Concepción Duarte Rius,CE,17884412,RETAIL,1972-11-16,ACTIVE
CUS000764,Ignacia Hoyos Blanca,DNI,41018154,PRIVATE_BANKING,1955-09-10,ACTIVE
CUS000765,Lucas Robles Bas,DNI,41265586,PRIVATE_BANKING,1994-02-13,ACTIVE
CUS000766,Ágata Rodrigo Feijoo,RUC,42533424,SME,1966-03-03,ACTIVE
CUS000767,Carlito Vila Ribes,RUC,57514551,RETAIL,1959-06-03,ACTIVE
CUS000768,Tecla Calzada Puga,DNI,82601598,SME,1990-12-16,ACTIVE
CUS000769,Azahar Ana Robledo Cardona,RUC,18364582,PRIVATE_BANKING,1977-07-10,ACTIVE
CUS000770,Margarita de Moya,CE,81955897,PRIVATE_BANKING,1945-08-25,ACTIVE
CUS000771,Isidora del Mayo,PASSPORT,57495429,CORPORATE,1948-10-10,ACTIVE
CUS000772,Olalla Roda,RUC,46293246,SME,1956-03-31,ACTIVE
CUS000773,Asunción Vizcaíno,RUC,72233906,RETAIL,1962-02-28,ACTIVE
CUS000774,Valerio Castro Chaparro,RUC,75165917,PRIVATE_BANKING,1977-10-31,ACTIVE
CUS000775,Dan Becerra Porras,CE,92066824,CORPORATE,1984-08-09,ACTIVE
CUS000776,Vicente Bustos Cañas,RUC,42431339,RETAIL,1992-12-22,ACTIVE
CUS000777,Jose Antonio Ferrera Luque,RUC,37825154,SME,1962-05-19,ACTIVE
CUS000778,Edmundo Heras Mayol,CE,52285181,PRIVATE_BANKING,1997-12-05,ACTIVE
CUS000779,Fanny Planas Álvarez,RUC,87348406,SME,1947-03-30,ACTIVE
CUS000780,Adela Piña-Bustos,PASSPORT,80814927,CORPORATE,2007-03-21,ACTIVE
CUS000781,Teodosio de Vargas,RUC,34106153,SME,1946-08-19,ACTIVE
CUS000782,Mercedes Manzano,DNI,52752959,SME,1943-03-11,ACTIVE
CUS000783,José Barroso Arias,DNI,78363767,PRIVATE_BANKING,1993-08-18,ACTIVE
CUS000784,Domingo del Guerra,RUC,49692979,RETAIL,1977-12-09,ACTIVE
CUS000785,Anunciación del Cuesta,DNI,88883410,RETAIL,1961-04-30,ACTIVE
CUS000786,Abraham Múgica Garcia,PASSPORT,25264100,CORPORATE,1988-04-15,ACTIVE
CUS000787,Genoveva Andrade Tomé,PASSPORT,39829537,RETAIL,1974-06-29,ACTIVE
CUS000788,Toribio Iborra Berrocal,PASSPORT,99112871,CORPORATE,1972-09-28,ACTIVE
CUS000789,Claudio Amigó,CE,10250361,CORPORATE,2007-11-08,ACTIVE
CUS000790,Juan Pablo Rios Alcalde,RUC,27470670,RETAIL,2006-03-10,ACTIVE
CUS000791,Jose Luis Ropero-Villegas,DNI,91142956,SME,1978-06-04,ACTIVE
CUS000792,Gloria Jimenez,RUC,14882424,SME,1940-11-16,ACTIVE
CUS000793,Hermenegildo Pablo Morcillo,RUC,86711495,SME,1989-02-09,ACTIVE
CUS000794,Jordán Lozano Crespo,PASSPORT,97778866,SME,1946-10-23,ACTIVE
CUS000795,Vidal Herrera Campo,RUC,28968282,PRIVATE_BANKING,1973-01-08,ACTIVE
CUS000796,Maricela Micaela Pulido Badía,PASSPORT,24768278,PRIVATE_BANKING,1993-04-22,ACTIVE
CUS000797,Hernando Gallardo Galvez,RUC,41991558,CORPORATE,1941-03-01,ACTIVE
CUS000798,Julio Zorrilla Tello,CE,67714175,CORPORATE,1993-02-12,ACTIVE
CUS000799,Irma del Maza,DNI,39387356,CORPORATE,2007-08-13,ACTIVE
CUS000800,Asunción Morcillo-Mas,PASSPORT,83120310,PRIVATE_BANKING,1997-02-05,ACTIVE
CUS000801,Herminio Lucas Rodríguez Manuel,DNI,71446597,CORPORATE,1994-11-02,ACTIVE
CUS000802,Benjamín Osuna-Ros,CE,89713957,PRIVATE_BANKING,1997-01-07,ACTIVE
CUS000803,Germán Cabrera Vilanova,RUC,45416704,SME,1986-08-15,ACTIVE
CUS000804,Epifanio Tirado-Mínguez,CE,80550819,RETAIL,1977-04-08,ACTIVE
CUS000805,Sol Morata Aranda,RUC,90670287,RETAIL,1959-09-05,ACTIVE
CUS000806,Geraldo Suárez Terrón,PASSPORT,28130291,CORPORATE,1979-05-30,ACTIVE
CUS000807,Yaiza Rosell Aranda,RUC,76988397,PRIVATE_BANKING,1964-03-27,ACTIVE
CUS000808,Rosario Vega Bou,RUC,20706959,RETAIL,1952-09-17,ACTIVE
CUS000809,Mirta Acero Castillo,DNI,99284457,SME,1961-09-19,ACTIVE
CUS000810,Abel Montserrat Barba,RUC,36896346,PRIVATE_BANKING,2001-09-16,ACTIVE
CUS000811,Ruth Roldan,DNI,38128328,CORPORATE,1998-07-01,ACTIVE
CUS000812,Juana Fuertes Vera,RUC,35397514,RETAIL,1964-03-12,INACTIVE
CUS000813,Julia Margarita Linares Anaya,RUC,18620839,SME,2005-10-26,ACTIVE
CUS000814,Paco Pinto Jordá,DNI,93739303,SME,1976-10-05,ACTIVE
CUS000815,Julio César Benitez Huertas,CE,21606649,CORPORATE,1979-08-29,ACTIVE
CUS000816,Rufino Mascaró-Lumbreras,DNI,43659793,RETAIL,1973-08-17,ACTIVE
CUS000817,Arturo Rosario Mir Cardona,RUC,84641428,CORPORATE,1984-04-01,ACTIVE
CUS000818,Florentino Pastor Durán Domínguez,CE,84914993,RETAIL,2004-12-06,ACTIVE
CUS000819,Maricruz Verdejo Lucena,PASSPORT,56851481,RETAIL,1962-11-24,ACTIVE
CUS000820,Gema Tello Avilés,RUC,48361726,RETAIL,1973-08-02,ACTIVE
CUS000821,Rogelio Márquez Santiago,PASSPORT,48356070,RETAIL,1951-06-12,ACTIVE
CUS000822,Darío Martorell Olivé,CE,22535117,PRIVATE_BANKING,1992-07-06,ACTIVE
CUS000823,Nilo Olivera Campos,DNI,66819993,RETAIL,1960-01-04,ACTIVE
CUS000824,Heliodoro Jove Reyes,PASSPORT,89186588,SME,1979-02-01,ACTIVE
CUS000825,Ruy Sevillano Arcos,PASSPORT,32644664,CORPORATE,1991-11-12,ACTIVE
CUS000826,Andrea Asenjo Pelayo,RUC,45619554,RETAIL,1973-03-09,ACTIVE
CUS000827,Herminia del Silva,DNI,88464420,PRIVATE_BANKING,1962-03-07,ACTIVE
CUS000828,Hugo Teruel Lumbreras,RUC,69700258,PRIVATE_BANKING,1952-12-22,ACTIVE
CUS000829,Gustavo Báez Jurado,DNI,59892272,CORPORATE,1990-10-02,ACTIVE
CUS000830,Purificación Josefa Llano Cerdá,PASSPORT,63199304,SME,1994-08-13,ACTIVE
CUS000831,Alma Montoya-Chaparro,RUC,89719633,SME,1989-10-11,ACTIVE
CUS000832,Silvia Vilaplana Terrón,RUC,39677426,CORPORATE,1996-12-08,ACTIVE
CUS000833,Amelia Font Iglesia,CE,21064567,SME,2000-11-09,ACTIVE
CUS000834,Lupe del Bertrán,RUC,91648459,RETAIL,1954-02-08,ACTIVE
CUS000835,Benigno de Montoya,RUC,66894845,SME,1998-02-27,ACTIVE
CUS000836,Casemiro Fortuny Marin,DNI,30128933,PRIVATE_BANKING,1995-02-11,ACTIVE
CUS000837,Valero Fuster Girona,PASSPORT,24150460,PRIVATE_BANKING,1959-04-27,ACTIVE
CUS000838,Fabiola Asenjo Crespo,DNI,18243663,PRIVATE_BANKING,1981-11-05,ACTIVE
CUS000839,Gabino Sola Madrigal,CE,83374260,SME,1970-12-03,ACTIVE
CUS000840,Remedios Pazos Morillo,CE,82128995,PRIVATE_BANKING,1976-01-06,ACTIVE
CUS000841,Bonifacio Gálvez Taboada,CE,78744361,PRIVATE_BANKING,1963-05-31,ACTIVE
CUS000842,Patricio Reyes Arnal,DNI,79751212,SME,1970-07-26,ACTIVE
CUS000843,Josep Lobato Garmendia,CE,28706152,RETAIL,1945-09-06,ACTIVE
CUS000844,Hilda Carreras Mir,RUC,32061659,RETAIL,1990-04-22,ACTIVE
CUS000845,Nazaret Arturo Miró Coello,CE,52877278,RETAIL,1985-05-15,ACTIVE
CUS000846,Carmelita Antúnez-Ortiz,RUC,36066034,CORPORATE,1975-11-17,ACTIVE
CUS000847,Américo Adán Alarcón Huertas,DNI,43931499,SME,1975-07-16,ACTIVE
CUS000848,Roberto Quiroga-Perelló,PASSPORT,56476855,PRIVATE_BANKING,1980-05-17,ACTIVE
CUS000849,María Suárez Macias,RUC,87609042,RETAIL,1999-01-19,ACTIVE
CUS000850,Florentina Machado Castañeda,DNI,33321318,SME,1952-10-03,ACTIVE
CUS000851,Adrián Maestre López,CE,77756234,RETAIL,1981-06-23,ACTIVE
CUS000852,Prudencio Piñol Camps,PASSPORT,65257921,PRIVATE_BANKING,1945-06-24,ACTIVE
CUS000853,Fernando Casal Quiroga,DNI,83588538,CORPORATE,1993-04-13,ACTIVE
CUS000854,Azucena Cortina Cerro,RUC,41181020,CORPORATE,1955-02-20,ACTIVE
CUS000855,Silvia Cerro Cases,DNI,65559290,SME,1992-09-10,ACTIVE
CUS000856,Maricela de Velasco,CE,10947915,CORPORATE,2008-05-31,ACTIVE
CUS000857,Áurea Barbero Ricart,RUC,62612872,RETAIL,1945-08-15,ACTIVE
CUS000858,Mercedes del Castells,CE,34215183,SME,1953-03-24,ACTIVE
CUS000859,Mariano Niño-Barragán,CE,35485104,RETAIL,1958-04-13,INACTIVE
CUS000860,Gabriel Pinto Valera,DNI,81457096,PRIVATE_BANKING,1997-03-23,ACTIVE
CUS000861,Cayetana Pavón Baños,RUC,45773185,PRIVATE_BANKING,2003-01-25,ACTIVE
CUS000862,Fabricio Avilés Avilés,DNI,97851771,PRIVATE_BANKING,1976-08-09,ACTIVE
CUS000863,Ale Pino-Ibañez,PASSPORT,96905031,RETAIL,1952-03-05,ACTIVE
CUS000864,Alfredo del Mayol,PASSPORT,53582079,RETAIL,1974-07-26,ACTIVE
CUS000865,Erasmo Canet Pallarès,DNI,73922970,CORPORATE,1951-12-01,ACTIVE
CUS000866,Yago Quiroga Nebot,CE,42555480,RETAIL,1988-05-09,ACTIVE
CUS000867,Salud del Folch,RUC,17044753,RETAIL,1983-09-05,ACTIVE
CUS000868,León Leon Cortés,DNI,64864643,SME,1941-01-18,ACTIVE
CUS000869,Abigaíl Montes-Bermudez,RUC,20280400,PRIVATE_BANKING,1970-06-23,BLOCKED
CUS000870,Marco de Clavero,RUC,59730203,CORPORATE,1967-03-29,ACTIVE
CUS000871,Yolanda de Barón,DNI,92010743,CORPORATE,1961-09-27,ACTIVE
CUS000872,Rita de Vives,PASSPORT,64599637,PRIVATE_BANKING,2003-04-08,ACTIVE
CUS000873,Fabián Gual Sarabia,PASSPORT,94004360,CORPORATE,1954-11-11,ACTIVE
CUS000874,Mateo Carrión Reina,PASSPORT,67767990,SME,1941-11-15,ACTIVE
CUS000875,Sonia Catalán Mateo,DNI,78880753,CORPORATE,1955-02-25,ACTIVE
CUS000876,Luna Cerdá Puig,RUC,54739527,CORPORATE,1986-10-31,BLOCKED
CUS000877,Reyna Valcárcel-Armas,PASSPORT,14757446,RETAIL,1968-07-31,ACTIVE
CUS000878,José Mari Borrás Vázquez,RUC,74542898,CORPORATE,1949-02-01,ACTIVE
CUS000879,Ruy Orozco Montoya,RUC,14735192,SME,1991-03-14,ACTIVE
CUS000880,Marisol Alba Cuevas Fiol,DNI,51570711,PRIVATE_BANKING,1959-02-20,ACTIVE
CUS000881,Víctor Martorell,CE,32190942,RETAIL,1983-12-23,ACTIVE
CUS000882,Marcos del Cerezo,PASSPORT,17488087,PRIVATE_BANKING,1991-07-25,ACTIVE
CUS000883,Daniela Urrutia Terrón,RUC,73680514,SME,1952-08-04,ACTIVE
CUS000884,Rolando Puerta Borrell,RUC,86082782,CORPORATE,1993-12-01,ACTIVE
CUS000885,Cristina Baquero Gutiérrez,CE,61026519,CORPORATE,2003-04-30,ACTIVE
CUS000886,Lucio Gibert,DNI,82299880,RETAIL,1990-02-03,ACTIVE
CUS000887,Félix Pinedo Aguiló,DNI,46574860,CORPORATE,2000-07-10,ACTIVE
CUS000888,Adolfo Arce-Berrocal,PASSPORT,22561897,CORPORATE,1984-12-24,ACTIVE
CUS000889,Valeria del Gámez,DNI,24897374,CORPORATE,2001-03-16,ACTIVE
CUS000890,Ibán Cornejo Hernández,CE,32841744,CORPORATE,1992-02-24,ACTIVE
CUS000891,Eloísa Eulalia Iglesia Peña,RUC,87466573,CORPORATE,1952-04-17,ACTIVE
CUS000892,José Luis Ariño Escrivá,RUC,62390990,PRIVATE_BANKING,1959-12-03,ACTIVE
CUS000893,Salud Odalys Bermúdez Mora,DNI,31296048,SME,2002-01-16,ACTIVE
CUS000894,Bernabé Echeverría Arnal,PASSPORT,70927680,CORPORATE,1944-02-14,ACTIVE
CUS000895,Aureliano Marcial Fiol Giralt,DNI,40810459,CORPORATE,1971-01-24,ACTIVE
CUS000896,Juan Francisco Mercader Quesada,CE,56651855,RETAIL,1966-03-02,ACTIVE
CUS000897,Carmina Durán Prado,DNI,63424073,CORPORATE,1995-07-19,ACTIVE
CUS000898,Soledad Sanmiguel Armengol,CE,72085017,RETAIL,1941-03-22,ACTIVE
CUS000899,Rosalina de Agustín,PASSPORT,19525132,RETAIL,1984-04-07,ACTIVE
CUS000900,Gertrudis Cuenca Losada,PASSPORT,52485572,RETAIL,1948-05-10,ACTIVE
CUS000901,Antonia Escamilla-Cerro,RUC,92629803,PRIVATE_BANKING,2008-04-15,ACTIVE
CUS000902,Tamara Ochoa Ríos,RUC,34317740,RETAIL,1956-08-06,ACTIVE
CUS000903,Eligia de Oliveras,RUC,94168591,PRIVATE_BANKING,1976-09-25,ACTIVE
CUS000904,Ariel Sacristán Pozuelo,DNI,62635601,RETAIL,1960-04-24,ACTIVE
CUS000905,Alma Herranz Feijoo,CE,92168357,PRIVATE_BANKING,1954-07-20,ACTIVE
CUS000906,Bonifacio Pardo-Guzman,CE,44828978,RETAIL,1947-09-26,INACTIVE
CUS000907,Florentina Comas,PASSPORT,28737758,RETAIL,1988-10-23,ACTIVE
CUS000908,Narcisa Palmer Hervia,RUC,78961298,PRIVATE_BANKING,1994-05-19,ACTIVE
CUS000909,Hermenegildo Ferrández Linares,RUC,17126495,SME,1993-07-24,ACTIVE
CUS000910,Bienvenida Cabezas-Cabrera,PASSPORT,82912523,PRIVATE_BANKING,2006-06-12,ACTIVE
CUS000911,Wálter Mariscal Molins,CE,41670738,RETAIL,1972-05-29,ACTIVE
CUS000912,Custodia Marqués Villalobos,PASSPORT,22866652,RETAIL,1987-11-21,ACTIVE
CUS000913,Otilia Criado Silva,CE,49432776,CORPORATE,1944-07-07,ACTIVE
CUS000914,Bienvenida Bravo,CE,39757707,CORPORATE,1975-09-19,ACTIVE
CUS000915,Máximo Manu Arranz Ibarra,DNI,88263632,SME,1969-07-01,ACTIVE
CUS000916,Violeta Peral Leiva,DNI,57097300,PRIVATE_BANKING,1981-06-24,ACTIVE
CUS000917,Edelmira del Andrés,PASSPORT,79791661,PRIVATE_BANKING,1977-08-23,ACTIVE
CUS000918,Leticia Criado Bou,PASSPORT,53879843,CORPORATE,1967-09-12,ACTIVE
CUS000919,José Benavides Belda,CE,41834988,PRIVATE_BANKING,1942-07-15,ACTIVE
CUS000920,Darío Milla Castillo,DNI,87389265,PRIVATE_BANKING,1976-08-28,ACTIVE
CUS000921,Ariadna Álamo Pereira,DNI,19918167,SME,1973-11-01,ACTIVE
CUS000922,Natanael Olmedo Tenorio,PASSPORT,38815999,SME,1953-01-21,ACTIVE
CUS000923,Jacinta Rivero,RUC,26040897,CORPORATE,1948-03-29,ACTIVE
CUS000924,Nazaret Olivares Giralt,PASSPORT,99386917,RETAIL,1961-03-03,ACTIVE
CUS000925,Adora del Boix,CE,79518743,PRIVATE_BANKING,2005-12-27,ACTIVE
CUS000926,Hortensia Benet Daza,DNI,57212171,SME,1974-02-13,ACTIVE
CUS000927,Fabián Ramos Carbó,DNI,12245648,RETAIL,1974-05-30,ACTIVE
CUS000928,Severiano Donaire Nuñez,RUC,44801873,PRIVATE_BANKING,2006-09-14,ACTIVE
CUS000929,Anunciación del Álamo,PASSPORT,19449449,PRIVATE_BANKING,1995-02-18,ACTIVE
CUS000930,Martirio del Solé,CE,58803889,CORPORATE,1979-07-29,ACTIVE
CUS000931,Yésica Prada Marco,RUC,30752373,RETAIL,1982-02-28,ACTIVE
CUS000932,Macario José Antonio Cordero Vila,DNI,32551718,PRIVATE_BANKING,1941-03-16,ACTIVE
CUS000933,Nieves Morell Llorente,RUC,11937148,CORPORATE,1986-07-13,INACTIVE
CUS000934,Julieta Pelayo-Miranda,DNI,64271673,SME,1941-02-13,ACTIVE
CUS000935,Otilia Alfaro Catalán,DNI,30838436,SME,1953-06-05,ACTIVE
CUS000936,Baldomero de Serra,RUC,28410732,SME,1982-05-16,BLOCKED
CUS000937,Borja Jose Luis Bastida Palmer,DNI,77959368,RETAIL,1941-11-10,ACTIVE
CUS000938,Donato Lillo Alemán,DNI,83755355,PRIVATE_BANKING,1950-12-06,ACTIVE
CUS000939,Samanta Lucila Torre Valentín,PASSPORT,27269814,CORPORATE,2003-10-02,ACTIVE
CUS000940,Dionisia Mulet-Valenzuela,PASSPORT,17839379,RETAIL,1961-08-28,ACTIVE
CUS000941,Ana Gibert Benavent,RUC,65911870,SME,1985-08-06,ACTIVE
CUS000942,Jacinta Nicolás Montes,CE,51853710,RETAIL,1943-08-12,ACTIVE
CUS000943,Camilo Echeverría Bustamante,DNI,87045621,RETAIL,1970-05-08,ACTIVE
CUS000944,Flor Pardo Mayo,CE,76931741,CORPORATE,1966-11-22,INACTIVE
CUS000945,Ciro Velázquez Solís,CE,15772618,CORPORATE,1968-01-04,ACTIVE
CUS000946,Cecilio Marí-Morata,CE,70413462,SME,1992-01-03,ACTIVE
CUS000947,Goyo Villa,DNI,58013162,SME,1967-06-21,INACTIVE
CUS000948,Reinaldo Rico Vicente,RUC,85399016,CORPORATE,1992-12-30,ACTIVE
CUS000949,Lola Pineda Yuste,RUC,36864273,RETAIL,1944-02-17,ACTIVE
CUS000950,Dorita Salamanca Costa,CE,84896396,CORPORATE,1980-06-17,ACTIVE
CUS000951,Emiliano de Araujo,RUC,82677291,RETAIL,1976-11-18,ACTIVE
CUS000952,Georgina Zaragoza Almeida,DNI,62472232,PRIVATE_BANKING,1990-07-06,ACTIVE
CUS000953,Rosario Jenaro Manzano Madrigal,CE,91992547,SME,1986-10-24,ACTIVE
CUS000954,Guiomar Bermúdez Pi,DNI,93591704,RETAIL,1966-08-30,INACTIVE
CUS000955,Gisela de Corbacho,DNI,79685674,SME,1957-09-24,BLOCKED
CUS000956,Marisela Casal Romeu,DNI,51454058,SME,1984-08-16,ACTIVE
CUS000957,Ramiro Alberto Vidal,DNI,93761684,RETAIL,1991-04-14,ACTIVE
CUS000958,Pili Lago Villegas,RUC,27727604,CORPORATE,1951-03-13,ACTIVE
CUS000959,Baudelio Pascual Roma,RUC,81771954,SME,1999-07-19,ACTIVE
CUS000960,Elisa Díez Capdevila,RUC,15447762,RETAIL,1947-04-29,ACTIVE
CUS000961,Nazario Méndez-Expósito,CE,78615796,RETAIL,1992-10-03,ACTIVE
CUS000962,Fidela Chus Espinosa Colomer,CE,57071444,CORPORATE,1992-01-20,ACTIVE
CUS000963,Tecla Fabregat,DNI,31591498,SME,1994-08-09,ACTIVE
CUS000964,Faustino Marí Bertrán,CE,49938292,CORPORATE,1965-12-23,ACTIVE
CUS000965,Andrés Quirós Herranz,PASSPORT,96891289,SME,1987-03-25,ACTIVE
CUS000966,Cristian Lamas Mascaró,PASSPORT,42513108,PRIVATE_BANKING,1976-05-15,ACTIVE
CUS000967,Berta Tejedor Chacón,RUC,15971594,PRIVATE_BANKING,1982-08-09,INACTIVE
CUS000968,Adelia Nerea Carvajal Arana,DNI,60565632,SME,1975-07-27,ACTIVE
CUS000969,Palmira Paloma Hoz Peinado,DNI,41620539,SME,1951-05-10,ACTIVE
CUS000970,Celestina Barceló Gonzalo,CE,32916485,CORPORATE,1967-12-20,ACTIVE
CUS000971,Gracia Zabaleta Barral,PASSPORT,45315851,RETAIL,1978-12-02,ACTIVE
CUS000972,Juliana Martinez Sosa,DNI,30931250,CORPORATE,1941-01-31,BLOCKED
CUS000973,Tomás Viana Francisco,CE,18311937,RETAIL,1993-02-14,ACTIVE
CUS000974,Valentín Navas-Díaz,CE,32967461,CORPORATE,1979-05-20,ACTIVE
CUS000975,Sebastián Rivera Machado,PASSPORT,60429194,CORPORATE,1997-11-27,ACTIVE
CUS000976,Juan Pablo Piñeiro Tomé,DNI,34270514,RETAIL,1986-07-17,ACTIVE
CUS000977,Olegario Alegre Carreño,PASSPORT,28640735,RETAIL,1964-04-06,ACTIVE
CUS000978,Fabio Soto Antúnez,RUC,15935318,CORPORATE,1998-10-28,ACTIVE
CUS000979,Valero Cerdán Asenjo,CE,39721968,PRIVATE_BANKING,1982-01-14,ACTIVE
CUS000980,Espiridión Molina-Perez,PASSPORT,63953056,CORPORATE,1970-11-26,ACTIVE
CUS000981,Heliodoro del Caparrós,RUC,11115188,SME,1992-09-26,ACTIVE
CUS000982,Soledad Gil Torres,RUC,96085997,RETAIL,1945-06-11,ACTIVE
CUS000983,Poncio Bravo Pi,DNI,95088327,RETAIL,1970-01-03,ACTIVE
CUS000984,Modesta Sáez-Perez,PASSPORT,63039292,SME,1941-01-14,ACTIVE
CUS000985,Abilio Marc Acevedo Tejera,PASSPORT,87824598,RETAIL,1947-11-10,ACTIVE
CUS000986,Heliodoro Alcides Noriega Pineda,CE,52746149,CORPORATE,1953-09-03,ACTIVE
CUS000987,Mónica África Ramírez Cornejo,PASSPORT,78954038,SME,1984-04-29,ACTIVE
CUS000988,María Del Carmen Juliana Ramirez Pineda,RUC,23212622,PRIVATE_BANKING,1964-06-16,ACTIVE
CUS000989,Santos Roda-Sala,DNI,60420063,RETAIL,1985-02-19,ACTIVE
CUS000990,Bibiana Leal Solsona,DNI,57889653,CORPORATE,1972-12-27,ACTIVE
CUS000991,Tania Gilabert Pavón,PASSPORT,41662481,SME,1994-10-29,INACTIVE
CUS000992,Salvador Morell-Ávila,PASSPORT,29961907,PRIVATE_BANKING,1990-01-09,ACTIVE
CUS000993,Pedro del Puente,PASSPORT,42665557,RETAIL,1949-04-04,ACTIVE
CUS000994,Modesta de Morcillo,CE,46392156,SME,2007-11-17,ACTIVE
CUS000995,Poncio de Viana,DNI,86631088,RETAIL,1969-03-11,ACTIVE
CUS000996,Carina Novoa Higueras,DNI,49453498,CORPORATE,1960-03-31,ACTIVE
CUS000997,Pía del Marco,PASSPORT,41460197,CORPORATE,1983-05-26,ACTIVE
CUS000998,Candela Valenzuela Espinosa,RUC,31128044,PRIVATE_BANKING,1966-12-30,ACTIVE
CUS000999,Jimena Montes Font,CE,22289781,PRIVATE_BANKING,1964-02-17,ACTIVE
CUS001000,José María Rocamora Clavero,DNI,43370445,CORPORATE,2003-10-03,ACTIVE
